borough,census_tract,total_households,median_household_income
Bronx,000100,0,0
Bronx,000200,1123,42539
Bronx,000400,1047,39013
Bronx,000500,0,0
Bronx,001100,126,25588
Bronx,001500,8,26250
Bronx,001600,1837,24552
Bronx,001700,257,21283
Bronx,002000,3109,14691
Bronx,002300,1624,14112
Bronx,002400,0,0
Bronx,002500,1729,12221
Bronx,002701,989,12898
Bronx,002702,1295,12654
Bronx,002800,2360,34234
Bronx,003100,488,27330
Bronx,003300,941,11322
Bronx,003500,1116,18736
Bronx,003600,2659,29375
Bronx,003700,161,23750
Bronx,003800,382,47647
Bronx,003900,2088,15893
Bronx,004001,576,29545
Bronx,004002,0,0
Bronx,004100,1810,12970
Bronx,004300,1485,19434
Bronx,004400,1612,13185
Bronx,004600,618,17976
Bronx,004700,1771,11817
Bronx,004800,1147,19023
Bronx,004900,69,25662
Bronx,005000,3399,20385
Bronx,005200,813,13826
Bronx,005301,0,0
Bronx,005302,1395,15527
Bronx,005400,1769,21282
Bronx,005600,1086,12604
Bronx,005700,125,32279
Bronx,005800,1,6250
Bronx,005901,1718,23138
Bronx,005902,1117,33256
Bronx,006000,310,30242
Bronx,006100,2088,30469
Bronx,006200,2310,16314
Bronx,006400,1257,35279
Bronx,006500,1656,17457
Bronx,006600,1370,26994
Bronx,006700,2120,17353
Bronx,006800,1139,25966
Bronx,006900,1331,10576
Bronx,007000,1281,32146
Bronx,007100,560,36316
Bronx,007200,1753,31126
Bronx,007300,1084,21545
Bronx,007400,1297,40654
Bronx,007500,1566,20813
Bronx,007700,439,21958
Bronx,007800,2075,34353
Bronx,007900,2215,14767
Bronx,008100,0,0
Bronx,008300,2002,25886
Bronx,008400,575,39911
Bronx,008500,1512,18403
Bronx,008600,1439,14409
Bronx,008700,1446,19615
Bronx,008800,1052,16136
Bronx,008900,1065,13007
Bronx,009100,16,8750
Bronx,009200,1799,36589
Bronx,009400,448,40833
Bronx,009700,45,2499
Bronx,009800,1911,38642
Bronx,009900,1551,18931
Bronx,010200,13,20417
Bronx,010500,111,9821
Bronx,011000,271,9461
Bronx,011501,460,18243
Bronx,011502,1222,14167
Bronx,011800,1749,57664
Bronx,011900,1631,16990
Bronx,012101,846,21424
Bronx,012102,494,17688
Bronx,012300,973,17906
Bronx,012500,721,27566
Bronx,012701,712,12342
Bronx,012702,503,19803
Bronx,012901,958,13214
Bronx,012902,209,7044
Bronx,013000,406,48500
Bronx,013100,1123,13281
Bronx,013200,2182,54509
Bronx,013300,2154,16426
Bronx,013500,1032,14667
Bronx,013700,1308,22437
Bronx,013800,717,48813
Bronx,013900,197,21685
Bronx,014100,718,14123
Bronx,014300,297,8606
Bronx,014400,1968,22656
Bronx,014500,1737,14264
Bronx,014700,3459,10775
Bronx,014900,1242,14353
Bronx,015100,1524,18448
Bronx,015300,1032,20918
Bronx,015400,362,52339
Bronx,015500,922,17616
Bronx,015600,537,56343
Bronx,015700,1073,20685
Bronx,015800,548,33438
Bronx,016000,2109,45828
Bronx,016100,1744,16308
Bronx,016200,588,50833
Bronx,016300,0,0
Bronx,016400,391,50733
Bronx,016500,450,11442
Bronx,016600,833,41776
Bronx,016700,521,14432
Bronx,016900,474,16591
Bronx,017100,0,0
Bronx,017300,1666,18375
Bronx,017500,2419,14172
Bronx,017700,2658,14931
Bronx,017900,2476,17685
Bronx,018100,2651,22514
Bronx,018300,3184,24802
Bronx,018400,1546,44167
Bronx,018700,0,0
Bronx,018900,2436,25163
Bronx,019300,1907,13609
Bronx,019400,536,51705
Bronx,019500,2350,20402
Bronx,019600,147,34297
Bronx,019700,2219,22904
Bronx,019800,1322,28783
Bronx,019900,2603,22231
Bronx,020100,1110,21398
Bronx,020200,698,35000
Bronx,020400,1024,34024
Bronx,020500,3328,21754
Bronx,020601,833,29831
Bronx,020602,349,34276
Bronx,020800,742,32572
Bronx,021000,6551,32813
Bronx,021100,1420,19109
Bronx,021200,2160,34444
Bronx,021301,500,15603
Bronx,021302,1271,24899
Bronx,021400,237,68542
Bronx,021501,1066,18207
Bronx,021502,2005,16768
Bronx,021601,1474,33955
Bronx,021602,2212,34866
Bronx,021701,1510,15066
Bronx,021702,154,20833
Bronx,021800,2260,26264
Bronx,021900,407,18750
Bronx,022000,589,11190
Bronx,022100,2494,20603
Bronx,022300,3156,19677
Bronx,022401,1086,30278
Bronx,022402,2879,30982
Bronx,022500,1900,20393
Bronx,022701,1015,19219
Bronx,022702,528,20625
Bronx,022703,573,29063
Bronx,022800,2368,32877
Bronx,022901,1897,25402
Bronx,022902,990,21600
Bronx,023000,992,26042
Bronx,023100,452,15700
Bronx,023200,813,30598
Bronx,023301,1641,24094
Bronx,023302,1097,31466
Bronx,023400,768,31105
Bronx,023501,1389,27591
Bronx,023502,1776,19504
Bronx,023600,625,29669
Bronx,023701,2631,21369
Bronx,023702,334,16111
Bronx,023900,2499,17548
Bronx,024000,1119,29770
Bronx,024100,1738,19692
Bronx,024200,44,36000
Bronx,024300,1720,21029
Bronx,024400,806,45000
Bronx,024500,2497,22261
Bronx,024600,865,51350
Bronx,024700,599,37950
Bronx,024800,1241,49063
Bronx,024900,17,63125
Bronx,025000,1015,38854
Bronx,025100,2006,23841
Bronx,025200,945,46563
Bronx,025300,1949,20956
Bronx,025400,860,45476
Bronx,025500,2067,21135
Bronx,025600,661,34712
Bronx,025700,563,29570
Bronx,025800,166,16250
Bronx,026100,687,55438
Bronx,026300,2874,26343
Bronx,026400,2017,49099
Bronx,026500,1908,21306
Bronx,026601,1374,31480
Bronx,026602,2580,35248
Bronx,026700,3771,27379
Bronx,026900,1399,31832
Bronx,027101,609,10825
Bronx,027102,3,61250
Bronx,027300,2520,27819
Bronx,027400,3186,49712
Bronx,027600,0,0
Bronx,027700,1798,25988
Bronx,027900,2752,40308
Bronx,028100,1943,39655
Bronx,028300,459,35362
Bronx,028400,0,0
Bronx,028500,1620,35634
Bronx,028600,606,48571
Bronx,028700,1166,38446
Bronx,028800,1229,54776
Bronx,028900,1692,31194
Bronx,029300,3678,62727
Bronx,029500,1997,49352
Bronx,029600,1334,29426
Bronx,029700,1747,59940
Bronx,030000,2671,45289
Bronx,030100,568,48333
Bronx,030200,4060,41031
Bronx,030700,4042,69574
Bronx,031000,1145,56406
Bronx,031200,632,50217
Bronx,031400,660,64167
Bronx,031600,676,41364
Bronx,031700,205,9625
Bronx,031800,579,59179
Bronx,031900,0,0
Bronx,032000,707,57292
Bronx,032200,417,45458
Bronx,032300,2751,58071
Bronx,032400,1232,18942
Bronx,032800,1492,28347
Bronx,032900,641,65080
Bronx,033000,2066,30619
Bronx,033200,3327,32997
Bronx,033300,149,168061
Bronx,033400,50,31250
Bronx,033600,2478,25065
Bronx,033800,1301,25060
Bronx,033900,493,50417
Bronx,034000,1659,29459
Bronx,034100,581,61076
Bronx,034200,538,40800
Bronx,034300,521,60417
Bronx,034400,662,40368
Bronx,034500,1519,51250
Bronx,034600,1754,32821
Bronx,035000,649,52656
Bronx,035100,1117,49957
Bronx,035200,723,33274
Bronx,035400,234,66250
Bronx,035600,661,48859
Bronx,035800,2379,43954
Bronx,035900,481,31767
Bronx,036100,2130,12723
Bronx,036300,2094,14632
Bronx,036400,851,62644
Bronx,036501,1154,18125
Bronx,036502,556,18402
Bronx,036600,303,46193
Bronx,036700,620,17214
Bronx,036800,533,36406
Bronx,036901,667,11172
Bronx,036902,792,15602
Bronx,037000,696,44375
Bronx,037100,1658,16570
Bronx,037200,699,34180
Bronx,037300,1619,22536
Bronx,037400,1363,22137
Bronx,037501,135,18854
Bronx,037502,397,12304
Bronx,037503,514,13667
Bronx,037600,746,30132
Bronx,037700,1004,13945
Bronx,037800,1015,30893
Bronx,037900,1576,22824
Bronx,038000,1512,30734
Bronx,038100,1974,19349
Bronx,038200,785,42102
Bronx,038300,3089,16433
Bronx,038500,1284,14679
Bronx,038600,2606,35696
Bronx,038700,1220,17130
Bronx,038800,797,39420
Bronx,038900,1511,21936
Bronx,039000,868,37222
Bronx,039100,2154,19031
Bronx,039200,539,32440
Bronx,039300,2875,13163
Bronx,039400,1576,30814
Bronx,039600,1278,24045
Bronx,039700,565,13250
Bronx,039800,972,40821
Bronx,039901,1657,19375
Bronx,039902,1631,16771
Bronx,040100,1509,26779
Bronx,040301,2707,26947
Bronx,040302,1335,18750
Bronx,040400,1052,37750
Bronx,040500,3506,24709
Bronx,040600,1226,29773
Bronx,040701,1160,22014
Bronx,040702,2357,28198
Bronx,040800,1413,29826
Bronx,040900,1482,41147
Bronx,041000,0,0
Bronx,041100,981,35320
Bronx,041300,2919,32037
Bronx,041400,1686,33585
Bronx,041500,2206,30763
Bronx,041800,1259,42481
Bronx,041900,2539,26530
Bronx,042000,1293,26175
Bronx,042100,2369,30272
Bronx,042200,1150,35078
Bronx,042300,1387,35491
Bronx,042400,803,46843
Bronx,042500,2226,27914
Bronx,042600,2141,50972
Bronx,042800,702,61600
Bronx,042901,1238,27162
Bronx,042902,1395,28381
Bronx,043000,1039,48580
Bronx,043100,3435,27774
Bronx,043200,979,31327
Bronx,043500,6,80488
Bronx,043600,688,55588
Bronx,043800,1053,42413
Bronx,044000,293,30750
Bronx,044200,1371,36475
Bronx,044600,301,51615
Bronx,044800,591,63625
Bronx,044901,926,52500
Bronx,044902,946,45379
Bronx,045101,942,43106
Bronx,045102,900,39931
Bronx,045400,622,57019
Bronx,045800,2460,12960
Bronx,046000,944,30802
Bronx,046201,11135,40843
Bronx,046202,2341,39345
Bronx,048400,1199,57853
Bronx,050200,308,63333
Bronx,050400,0,0
Bronx,051600,2054,56750
Brooklyn,000100,2408,63333
Brooklyn,000200,350,29219
Brooklyn,000301,2393,83739
Brooklyn,000302,123,112414
Brooklyn,000500,3615,65013
Brooklyn,000700,1825,66213
Brooklyn,000900,1048,79201
Brooklyn,001100,75,29732
Brooklyn,001300,1181,58828
Brooklyn,001800,4,85000
Brooklyn,002000,435,26813
Brooklyn,002100,500,74464
Brooklyn,002200,1467,28164
Brooklyn,002300,1513,9876
Brooklyn,002500,763,16680
Brooklyn,002700,156,34375
Brooklyn,002901,1297,11641
Brooklyn,002902,241,27159
Brooklyn,003000,775,54375
Brooklyn,003100,909,40641
Brooklyn,003200,0,0
Brooklyn,003300,1072,45213
Brooklyn,003400,1345,51362
Brooklyn,003500,667,44306
Brooklyn,003600,1859,42476
Brooklyn,003700,208,36667
Brooklyn,003800,703,65234
Brooklyn,003900,969,38686
Brooklyn,004000,504,92945
Brooklyn,004100,1420,61486
Brooklyn,004200,494,67000
Brooklyn,004300,1070,56429
Brooklyn,004500,1796,68182
Brooklyn,004600,445,68594
Brooklyn,004700,467,49427
Brooklyn,004900,1003,62344
Brooklyn,005000,1119,61217
Brooklyn,005100,971,51767
Brooklyn,005201,1165,21804
Brooklyn,005202,1370,54500
Brooklyn,005400,1754,45267
Brooklyn,005500,64,46500
Brooklyn,005601,1443,43922
Brooklyn,005602,863,45089
Brooklyn,005700,629,32563
Brooklyn,005800,1584,41522
Brooklyn,005900,355,21674
Brooklyn,006000,1191,45396
Brooklyn,006200,1273,34576
Brooklyn,006300,894,60274
Brooklyn,006400,1509,45213
Brooklyn,006500,2575,62049
Brooklyn,006600,1602,37500
Brooklyn,006700,1670,70536
Brooklyn,006800,1777,35292
Brooklyn,006900,1539,55417
Brooklyn,007000,1147,39831
Brooklyn,007100,1699,22011
Brooklyn,007200,566,35417
Brooklyn,007400,1487,35893
Brooklyn,007500,2082,69107
Brooklyn,007600,1341,31573
Brooklyn,007700,2012,44444
Brooklyn,007800,1532,27750
Brooklyn,008000,1365,26902
Brooklyn,008200,1265,28648
Brooklyn,008400,1041,30054
Brooklyn,008500,2809,10372
Brooklyn,008600,0,0
Brooklyn,008800,1112,26582
Brooklyn,009000,695,29338
Brooklyn,009200,1647,26597
Brooklyn,009400,1471,28822
Brooklyn,009600,1749,29654
Brooklyn,009800,1648,28594
Brooklyn,010000,1779,29976
Brooklyn,010100,1363,30788
Brooklyn,010200,1370,29485
Brooklyn,010400,1662,24574
Brooklyn,010600,1522,26895
Brooklyn,010800,1401,28844
Brooklyn,011000,652,30786
Brooklyn,011200,1921,19697
Brooklyn,011400,1217,35107
Brooklyn,011600,1323,26330
Brooklyn,011700,1046,30833
Brooklyn,011800,600,24655
Brooklyn,012000,346,31797
Brooklyn,012100,674,36343
Brooklyn,012200,1427,31688
Brooklyn,012300,142,34375
Brooklyn,012400,678,34444
Brooklyn,012500,476,26625
Brooklyn,012700,1274,19000
Brooklyn,012801,718,40341
Brooklyn,012802,241,35625
Brooklyn,012901,989,48024
Brooklyn,012902,941,55625
Brooklyn,013000,1893,36496
Brooklyn,013100,1776,51131
Brooklyn,013200,745,34375
Brooklyn,013300,1670,57885
Brooklyn,013400,1451,43920
Brooklyn,013500,1288,51420
Brooklyn,013600,1612,42500
Brooklyn,013700,1221,57042
Brooklyn,013800,1439,40117
Brooklyn,013900,1512,42361
Brooklyn,014000,890,57436
Brooklyn,014100,1168,41840
Brooklyn,014200,1290,42713
Brooklyn,014300,1332,31771
Brooklyn,014400,398,57500
Brooklyn,014500,1531,30735
Brooklyn,014600,382,82736
Brooklyn,014700,826,34878
Brooklyn,014800,470,47250
Brooklyn,014900,1987,47569
Brooklyn,015000,743,34358
Brooklyn,015100,1505,66815
Brooklyn,015300,1335,66809
Brooklyn,015400,0,0
Brooklyn,015500,1595,63073
Brooklyn,015600,212,56346
Brooklyn,015700,2127,68787
Brooklyn,015800,549,51513
Brooklyn,015900,2723,67317
Brooklyn,016000,1887,41049
Brooklyn,016100,1186,65192
Brooklyn,016200,937,44034
Brooklyn,016300,1376,59583
Brooklyn,016400,370,60500
Brooklyn,016500,2380,77871
Brooklyn,016700,2132,68125
Brooklyn,016800,664,49444
Brooklyn,016900,2107,43925
Brooklyn,017000,1123,47569
Brooklyn,017100,1576,63587
Brooklyn,017200,1073,34617
Brooklyn,017300,152,51944
Brooklyn,017400,630,50250
Brooklyn,017500,0,0
Brooklyn,017600,945,37633
Brooklyn,017700,0,0
Brooklyn,017800,863,31652
Brooklyn,017900,1153,38750
Brooklyn,018000,1110,40565
Brooklyn,018100,2195,48731
Brooklyn,018200,1071,41108
Brooklyn,018300,1225,41648
Brooklyn,018400,793,45699
Brooklyn,018501,1660,13668
Brooklyn,018502,332,25000
Brooklyn,018600,720,37667
Brooklyn,018700,562,33750
Brooklyn,018800,879,38512
Brooklyn,018900,24,40357
Brooklyn,019000,1671,30786
Brooklyn,019100,1003,38099
Brooklyn,019200,685,33839
Brooklyn,019300,1959,36034
Brooklyn,019400,1066,32500
Brooklyn,019500,1837,42587
Brooklyn,019600,1279,36092
Brooklyn,019700,1885,48885
Brooklyn,019800,675,43527
Brooklyn,019900,1429,38717
Brooklyn,020000,734,38936
Brooklyn,020100,1768,45189
Brooklyn,020200,740,47422
Brooklyn,020300,393,38942
Brooklyn,020400,740,52321
Brooklyn,020500,1106,45256
Brooklyn,020600,813,52679
Brooklyn,020700,2070,50137
Brooklyn,020800,1017,46544
Brooklyn,021000,1302,33333
Brooklyn,021200,1355,29179
Brooklyn,021300,1848,28696
Brooklyn,021400,558,32069
Brooklyn,021500,2470,39489
Brooklyn,021600,985,25616
Brooklyn,021700,1457,30712
Brooklyn,021800,1032,30259
Brooklyn,021900,1432,26469
Brooklyn,022000,1335,24846
Brooklyn,022100,1410,21415
Brooklyn,022200,1324,25919
Brooklyn,022300,1341,29321
Brooklyn,022400,1397,34188
Brooklyn,022500,296,23846
Brooklyn,022600,691,22316
Brooklyn,022700,1345,31853
Brooklyn,022800,807,23407
Brooklyn,022900,1211,31202
Brooklyn,023000,1094,22984
Brooklyn,023100,1255,35260
Brooklyn,023200,1596,21981
Brooklyn,023300,1576,23099
Brooklyn,023400,1506,17731
Brooklyn,023500,592,21875
Brooklyn,023600,1755,16941
Brooklyn,023700,317,16797
Brooklyn,023800,1510,23393
Brooklyn,023900,130,20156
Brooklyn,024000,1461,27930
Brooklyn,024100,604,10500
Brooklyn,024200,795,29632
Brooklyn,024300,1581,23358
Brooklyn,024400,1062,28824
Brooklyn,024500,1482,24352
Brooklyn,024600,943,41738
Brooklyn,024700,933,17964
Brooklyn,024800,944,35086
Brooklyn,024900,1760,28449
Brooklyn,025000,465,43717
Brooklyn,025100,1240,21724
Brooklyn,025200,1911,29470
Brooklyn,025300,810,27955
Brooklyn,025400,1171,34803
Brooklyn,025500,1649,11822
Brooklyn,025600,1021,40871
Brooklyn,025700,621,32275
Brooklyn,025800,1608,31541
Brooklyn,025901,517,18150
Brooklyn,025902,1026,13218
Brooklyn,026000,1215,31651
Brooklyn,026100,1532,15702
Brooklyn,026200,852,38000
Brooklyn,026300,643,25417
Brooklyn,026400,1615,30525
Brooklyn,026500,1243,24977
Brooklyn,026600,1222,36458
Brooklyn,026700,1688,32971
Brooklyn,026800,1518,32672
Brooklyn,026900,1110,26905
Brooklyn,027000,867,28380
Brooklyn,027101,528,26686
Brooklyn,027102,367,29375
Brooklyn,027200,1278,32356
Brooklyn,027300,1213,29883
Brooklyn,027400,1012,40691
Brooklyn,027500,1505,30241
Brooklyn,027600,1215,30496
Brooklyn,027700,1362,23561
Brooklyn,027800,1191,24730
Brooklyn,027900,1420,19551
Brooklyn,028000,610,42500
Brooklyn,028100,1178,12194
Brooklyn,028200,1226,38382
Brooklyn,028300,1224,12830
Brooklyn,028400,1421,30727
Brooklyn,028501,93,38438
Brooklyn,028502,1069,11859
Brooklyn,028600,2046,22981
Brooklyn,028700,926,15714
Brooklyn,028800,1124,32171
Brooklyn,028900,1190,20461
Brooklyn,029000,1523,28634
Brooklyn,029100,973,26155
Brooklyn,029200,914,25655
Brooklyn,029300,1274,22500
Brooklyn,029400,552,40227
Brooklyn,029500,1534,31765
Brooklyn,029600,2070,34824
Brooklyn,029700,1338,33333
Brooklyn,029800,1260,32385
Brooklyn,029900,438,27733
Brooklyn,030000,1290,37750
Brooklyn,030100,908,30636
Brooklyn,030200,1448,39881
Brooklyn,030300,1163,15020
Brooklyn,030400,1589,35724
Brooklyn,030600,637,35515
Brooklyn,030700,1544,10516
Brooklyn,030800,736,32670
Brooklyn,030900,545,13578
Brooklyn,031100,1092,25086
Brooklyn,031300,2123,22514
Brooklyn,031400,1940,32083
Brooklyn,031500,2286,26019
Brooklyn,031701,1449,27007
Brooklyn,031702,1310,30093
Brooklyn,031900,1427,33738
Brooklyn,032000,23,55781
Brooklyn,032100,1962,28659
Brooklyn,032300,1418,29747
Brooklyn,032500,2447,28111
Brooklyn,032600,2322,12041
Brooklyn,032700,1468,33038
Brooklyn,032800,1046,24750
Brooklyn,032900,2191,27454
Brooklyn,033000,1747,20276
Brooklyn,033100,1547,26954
Brooklyn,033300,1293,35625
Brooklyn,033500,893,36528
Brooklyn,033600,1912,33359
Brooklyn,033700,1415,30763
Brooklyn,033900,1739,37519
Brooklyn,034000,659,16028
Brooklyn,034100,974,30909
Brooklyn,034200,2842,10069
Brooklyn,034300,1903,16981
Brooklyn,034500,959,32917
Brooklyn,034700,1210,16078
Brooklyn,034801,343,27448
Brooklyn,034802,300,16250
Brooklyn,034900,1937,27981
Brooklyn,035000,1569,25938
Brooklyn,035100,1676,26124
Brooklyn,035200,445,7863
Brooklyn,035300,1831,27188
Brooklyn,035400,2866,28678
Brooklyn,035500,1866,26992
Brooklyn,035600,4301,30493
Brooklyn,035700,815,19712
Brooklyn,035900,1839,19333
Brooklyn,036001,1774,19539
Brooklyn,036002,2218,12351
Brooklyn,036100,1068,17212
Brooklyn,036200,1605,18854
Brooklyn,036300,1180,12212
Brooklyn,036400,903,19693
Brooklyn,036501,966,20948
Brooklyn,036502,295,26771
Brooklyn,036600,1290,30817
Brooklyn,036700,530,20714
Brooklyn,036900,1616,21170
Brooklyn,037000,1594,39104
Brooklyn,037100,1303,23799
Brooklyn,037300,1596,20912
Brooklyn,037400,4101,37924
Brooklyn,037500,930,20510
Brooklyn,037700,1289,34601
Brooklyn,037900,1082,31650
Brooklyn,038100,1776,16560
Brooklyn,038200,1966,15601
Brooklyn,038300,1490,35966
Brooklyn,038500,1384,23750
Brooklyn,038600,1190,26129
Brooklyn,038700,1318,22338
Brooklyn,038800,1497,37571
Brooklyn,038900,716,25208
Brooklyn,039000,847,38102
Brooklyn,039100,404,13947
Brooklyn,039200,1027,31898
Brooklyn,039300,893,23456
Brooklyn,039400,873,27452
Brooklyn,039500,1213,20417
Brooklyn,039600,731,33313
Brooklyn,039700,1139,21729
Brooklyn,039800,823,31078
Brooklyn,039900,1161,16594
Brooklyn,040000,1073,30559
Brooklyn,040100,958,21029
Brooklyn,040200,843,39960
Brooklyn,040300,1046,26341
Brooklyn,040400,783,39028
Brooklyn,040500,427,33125
Brooklyn,040600,1229,31828
Brooklyn,040700,0,0
Brooklyn,040800,1041,33850
Brooklyn,040900,1064,24048
Brooklyn,041000,696,40577
Brooklyn,041100,956,17750
Brooklyn,041200,1033,35170
Brooklyn,041300,956,22654
Brooklyn,041401,540,37143
Brooklyn,041402,675,36850
Brooklyn,041500,1067,25983
Brooklyn,041600,721,41542
Brooklyn,041700,1100,16394
Brooklyn,041800,878,27778
Brooklyn,041900,1110,22788
Brooklyn,042000,580,44904
Brooklyn,042100,1046,19767
Brooklyn,042200,1193,35136
Brooklyn,042300,794,20889
Brooklyn,042400,1235,34583
Brooklyn,042500,723,17109
Brooklyn,042600,1377,30477
Brooklyn,042700,1495,19297
Brooklyn,042800,1368,31667
Brooklyn,042900,1677,16431
Brooklyn,043000,1335,27260
Brooklyn,043100,1503,20960
Brooklyn,043200,1441,28631
Brooklyn,043300,1122,15900
Brooklyn,043400,1246,29107
Brooklyn,043500,1220,22056
Brooklyn,043600,1568,28036
Brooklyn,043700,1407,24488
Brooklyn,043800,978,33382
Brooklyn,043900,1043,28092
Brooklyn,044000,955,30675
Brooklyn,044100,1672,22904
Brooklyn,044200,910,26912
Brooklyn,044300,1592,27965
Brooklyn,044400,1185,30693
Brooklyn,044500,1355,30417
Brooklyn,044600,641,38698
Brooklyn,044700,584,23250
Brooklyn,044800,585,41917
Brooklyn,045000,516,48214
Brooklyn,045200,991,45644
Brooklyn,045300,460,25000
Brooklyn,045400,536,45735
Brooklyn,045500,16,17222
Brooklyn,045600,888,34076
Brooklyn,045800,526,64032
Brooklyn,046001,1071,31750
Brooklyn,046002,177,55250
Brooklyn,046201,1079,25689
Brooklyn,046202,455,45313
Brooklyn,046400,626,35741
Brooklyn,046500,815,12581
Brooklyn,046800,333,38950
Brooklyn,047000,821,42663
Brooklyn,047200,784,26953
Brooklyn,047300,237,37019
Brooklyn,047400,843,32606
Brooklyn,047600,1090,27917
Brooklyn,047700,981,37863
Brooklyn,047800,1298,37071
Brooklyn,048000,1101,23475
Brooklyn,048100,1137,21625
Brooklyn,048200,1922,22265
Brooklyn,048300,305,43750
Brooklyn,048400,1622,29861
Brooklyn,048600,968,30329
Brooklyn,048700,208,35481
Brooklyn,048800,1458,37115
Brooklyn,048900,1364,12786
Brooklyn,049000,2223,27267
Brooklyn,049100,2170,24459
Brooklyn,049200,1138,30926
Brooklyn,049300,2644,18479
Brooklyn,049400,2027,30986
Brooklyn,049500,1085,28750
Brooklyn,049600,1412,38088
Brooklyn,049700,1109,35990
Brooklyn,049800,1539,35560
Brooklyn,049900,756,32014
Brooklyn,050000,1516,39556
Brooklyn,050100,1232,35000
Brooklyn,050201,661,64276
Brooklyn,050202,1150,49184
Brooklyn,050300,1081,36042
Brooklyn,050400,1885,41803
Brooklyn,050500,1518,22000
Brooklyn,050600,1889,26369
Brooklyn,050700,162,18571
Brooklyn,050800,4541,25435
Brooklyn,050900,354,17083
Brooklyn,051000,3082,24271
Brooklyn,051100,1446,26568
Brooklyn,051200,2309,31393
Brooklyn,051300,1502,30000
Brooklyn,051400,2598,32103
Brooklyn,051500,385,36107
Brooklyn,051600,3133,25148
Brooklyn,051700,716,48542
Brooklyn,051800,1332,40833
Brooklyn,051900,1431,34704
Brooklyn,052000,1408,34677
Brooklyn,052200,325,75889
Brooklyn,052300,1888,22652
Brooklyn,052400,776,50972
Brooklyn,052500,1111,12069
Brooklyn,052600,1656,34881
Brooklyn,052700,2073,22680
Brooklyn,052800,619,48750
Brooklyn,052900,1050,17216
Brooklyn,053000,1140,30571
Brooklyn,053100,593,22796
Brooklyn,053200,1040,41750
Brooklyn,053300,1732,12209
Brooklyn,053400,1370,23955
Brooklyn,053500,1086,16434
Brooklyn,053600,320,31429
Brooklyn,053700,388,16750
Brooklyn,053800,2055,28407
Brooklyn,053900,954,16917
Brooklyn,054000,989,36607
Brooklyn,054200,1513,32083
Brooklyn,054300,0,0
Brooklyn,054400,1295,42733
Brooklyn,054500,1985,13454
Brooklyn,054600,1913,35469
Brooklyn,054700,855,15379
Brooklyn,054800,678,50227
Brooklyn,054900,628,29722
Brooklyn,055000,1401,29148
Brooklyn,055100,1661,27083
Brooklyn,055200,1403,33870
Brooklyn,055300,1183,34679
Brooklyn,055400,1711,28291
Brooklyn,055500,378,50132
Brooklyn,055600,1420,37828
Brooklyn,055700,560,40086
Brooklyn,055800,965,24750
Brooklyn,055900,68,64286
Brooklyn,056000,1389,40913
Brooklyn,056200,526,51300
Brooklyn,056300,1752,31238
Brooklyn,056400,927,46359
Brooklyn,056500,1592,32418
Brooklyn,056600,1015,42036
Brooklyn,056700,1447,37835
Brooklyn,056800,472,48125
Brooklyn,056900,763,40143
Brooklyn,057000,1418,38750
Brooklyn,057100,2027,35282
Brooklyn,057200,2186,15361
Brooklyn,057300,1136,35588
Brooklyn,057400,890,58519
Brooklyn,057500,1947,30056
Brooklyn,057600,969,45354
Brooklyn,057700,74,60096
Brooklyn,057800,950,37262
Brooklyn,057900,543,23445
Brooklyn,058000,1207,29471
Brooklyn,058200,1055,24738
Brooklyn,058400,1519,37992
Brooklyn,058600,729,44177
Brooklyn,058800,1491,38866
Brooklyn,058900,678,41552
Brooklyn,059000,705,46188
Brooklyn,059100,1633,33047
Brooklyn,059200,1647,39375
Brooklyn,059300,878,35208
Brooklyn,059401,2961,35065
Brooklyn,059402,1961,47923
Brooklyn,059600,1124,35000
Brooklyn,059800,1340,43017
Brooklyn,060000,2619,42582
Brooklyn,060600,1090,29405
Brooklyn,060800,1435,42792
Brooklyn,061001,3689,19490
Brooklyn,061002,1521,27361
Brooklyn,061200,485,69013
Brooklyn,061400,318,65667
Brooklyn,061600,532,70119
Brooklyn,061800,320,79118
Brooklyn,062200,1244,41130
Brooklyn,062600,1065,41733
Brooklyn,062800,1963,59294
Brooklyn,063200,626,45645
Brooklyn,063600,488,76854
Brooklyn,063800,579,53603
Brooklyn,064000,546,64297
Brooklyn,064200,1004,38182
Brooklyn,064400,815,49653
Brooklyn,064600,723,59620
Brooklyn,064800,613,61902
Brooklyn,065000,516,50500
Brooklyn,065200,428,63958
Brooklyn,065400,551,67438
Brooklyn,065600,682,60098
Brooklyn,065800,647,63250
Brooklyn,066000,628,65833
Brooklyn,066200,533,48419
Brooklyn,066600,0,0
Brooklyn,067000,1001,50901
Brooklyn,067200,452,39875
Brooklyn,067400,582,51146
Brooklyn,067600,550,55119
Brooklyn,067800,936,50536
Brooklyn,068000,564,59167
Brooklyn,068200,814,51852
Brooklyn,068600,670,43393
Brooklyn,068800,592,52391
Brooklyn,069000,558,56786
Brooklyn,069200,807,51914
Brooklyn,069600,3030,48492
Brooklyn,069800,413,75735
Brooklyn,070000,665,53229
Brooklyn,070201,2425,67986
Brooklyn,070202,78,53750
Brooklyn,070203,0,0
Brooklyn,070600,1065,68348
Brooklyn,072000,489,34712
Brooklyn,072200,1064,46389
Brooklyn,072400,643,47861
Brooklyn,072600,780,65163
Brooklyn,072800,1399,45775
Brooklyn,073000,744,50598
Brooklyn,073200,741,62750
Brooklyn,073400,544,55735
Brooklyn,073600,1193,45944
Brooklyn,073800,1098,37833
Brooklyn,074000,1097,38208
Brooklyn,074200,1010,50085
Brooklyn,074400,641,66563
Brooklyn,074600,711,48466
Brooklyn,074800,640,57500
Brooklyn,075000,970,47976
Brooklyn,075200,324,65227
Brooklyn,075400,427,92663
Brooklyn,075600,689,54236
Brooklyn,075800,629,50662
Brooklyn,076000,1086,31888
Brooklyn,076200,1629,30275
Brooklyn,076400,1384,30328
Brooklyn,076600,768,38796
Brooklyn,077000,1084,41775
Brooklyn,077200,1013,47730
Brooklyn,077400,1146,34583
Brooklyn,077600,1608,41179
Brooklyn,078000,698,60270
Brooklyn,078200,1557,30678
Brooklyn,078400,767,51972
Brooklyn,078600,1721,33822
Brooklyn,078800,1221,26353
Brooklyn,079000,1862,32310
Brooklyn,079200,1316,24878
Brooklyn,079400,577,32014
Brooklyn,079600,3771,29879
Brooklyn,079800,3464,29747
Brooklyn,080000,1413,42225
Brooklyn,080200,1763,31919
Brooklyn,080400,1299,26287
Brooklyn,080600,903,34831
Brooklyn,081000,857,32784
Brooklyn,081200,0,0
Brooklyn,081400,973,45179
Brooklyn,081600,942,39333
Brooklyn,081800,1828,30144
Brooklyn,082000,1896,28015
Brooklyn,082200,2648,29091
Brooklyn,082400,1529,31193
Brooklyn,082600,2036,36866
Brooklyn,082800,1330,25946
Brooklyn,083000,2238,27623
Brooklyn,083200,752,49231
Brooklyn,083400,589,58990
Brooklyn,083600,729,45292
Brooklyn,083800,722,57623
Brooklyn,084000,768,50125
Brooklyn,084200,390,53750
Brooklyn,084400,76,36500
Brooklyn,084600,732,44569
Brooklyn,084800,592,47115
Brooklyn,085000,429,63807
Brooklyn,085200,0,0
Brooklyn,085400,709,50817
Brooklyn,085600,1368,33796
Brooklyn,085800,843,32972
Brooklyn,086000,1160,43548
Brooklyn,086200,1202,30291
Brooklyn,086400,630,40094
Brooklyn,086600,1135,38646
Brooklyn,086800,1178,33317
Brooklyn,087000,1081,31919
Brooklyn,087200,1080,45429
Brooklyn,087401,1288,23311
Brooklyn,087402,0,0
Brooklyn,087600,609,31958
Brooklyn,087800,1005,29260
Brooklyn,088000,957,37434
Brooklyn,088200,2366,27348
Brooklyn,088400,1848,23879
Brooklyn,088600,1682,29271
Brooklyn,088800,1448,30299
Brooklyn,089000,2205,23431
Brooklyn,089200,1534,21717
Brooklyn,089400,1066,32619
Brooklyn,089600,1317,28893
Brooklyn,089800,457,37331
Brooklyn,090000,1837,17869
Brooklyn,090200,1040,18348
Brooklyn,090400,225,29702
Brooklyn,090600,1580,10805
Brooklyn,090800,1050,12899
Brooklyn,091000,2203,7987
Brooklyn,091200,2296,8182
Brooklyn,091400,515,20677
Brooklyn,091600,1189,23967
Brooklyn,091800,943,24934
Brooklyn,092000,971,28125
Brooklyn,092200,1134,30703
Brooklyn,092800,992,38009
Brooklyn,093000,1019,35296
Brooklyn,093400,917,33142
Brooklyn,093600,599,47688
Brooklyn,093800,949,34238
Brooklyn,094000,480,45357
Brooklyn,094200,250,41324
Brooklyn,094401,1007,50237
Brooklyn,094402,1208,14728
Brooklyn,095000,967,48036
Brooklyn,095400,1536,42045
Brooklyn,095600,1281,48934
Brooklyn,095800,1089,52109
Brooklyn,096000,5,66250
Brooklyn,096200,551,35703
Brooklyn,096400,675,45929
Brooklyn,096600,677,50536
Brooklyn,096800,366,45329
Brooklyn,097000,693,37527
Brooklyn,097400,620,48707
Brooklyn,098200,1588,15300
Brooklyn,098400,640,54286
Brooklyn,098600,1036,54444
Brooklyn,098800,998,42500
Brooklyn,099000,448,42283
Brooklyn,099200,583,46354
Brooklyn,099400,611,49635
Brooklyn,099600,1192,45345
Brooklyn,099800,1257,52614
Brooklyn,100400,998,51328
Brooklyn,100600,817,49572
Brooklyn,100800,693,55375
Brooklyn,101000,734,44844
Brooklyn,101200,750,48854
Brooklyn,101400,727,48355
Brooklyn,101600,473,75319
Brooklyn,101800,762,50769
Brooklyn,102000,612,58800
Brooklyn,102200,815,46046
Brooklyn,102400,630,49250
Brooklyn,102600,878,50192
Brooklyn,102800,508,58796
Brooklyn,103400,1557,15524
Brooklyn,105800,6375,16919
Brooklyn,107000,0,0
Brooklyn,107800,1786,41196
Brooklyn,109800,272,33750
Brooklyn,110000,244,33056
Brooklyn,110200,1334,23716
Brooklyn,110600,1480,20625
Brooklyn,111000,1442,15722
Brooklyn,111200,304,30921
Brooklyn,111400,374,23421
Brooklyn,111800,861,26861
Brooklyn,112000,1080,30145
Brooklyn,112200,828,26778
Brooklyn,112400,1003,32284
Brooklyn,112600,1145,21738
Brooklyn,112800,1280,25802
Brooklyn,113000,1170,18333
Brooklyn,113200,484,20288
Brooklyn,113400,694,11204
Brooklyn,113600,16,2499
Brooklyn,113800,47,12583
Brooklyn,114000,203,17750
Brooklyn,114201,413,37422
Brooklyn,114202,896,40039
Brooklyn,114600,827,31171
Brooklyn,114800,696,21081
Brooklyn,115000,525,22212
Brooklyn,115200,800,17308
Brooklyn,115400,574,17019
Brooklyn,115600,1371,12349
Brooklyn,115800,879,35496
Brooklyn,116000,832,23281
Brooklyn,116200,699,40104
Brooklyn,116400,799,37875
Brooklyn,116600,764,25833
Brooklyn,116800,601,30264
Brooklyn,117000,477,18250
Brooklyn,117201,763,37875
Brooklyn,117202,1205,29292
Brooklyn,117400,1097,33250
Brooklyn,117601,764,28587
Brooklyn,117602,951,27244
Brooklyn,117800,420,35625
Brooklyn,118000,0,0
Brooklyn,118201,825,30993
Brooklyn,118202,815,36179
Brooklyn,118400,1313,33109
Brooklyn,118600,924,31959
Brooklyn,118800,1226,21683
Brooklyn,119000,566,25093
Brooklyn,119200,692,26585
Brooklyn,119400,1023,30250
Brooklyn,119600,1515,29188
Brooklyn,120000,610,30556
Brooklyn,120200,496,35741
Brooklyn,120800,2811,30568
Brooklyn,121000,1371,9919
Brooklyn,121400,1531,8927
Brooklyn,122000,867,25807
Manhattan,000100,0,0
Manhattan,000201,1046,21019
Manhattan,000202,3117,22750
Manhattan,000500,0,0
Manhattan,000600,4009,19002
Manhattan,000700,625,81071
Manhattan,000800,3649,25148
Manhattan,000900,498,105456
Manhattan,001001,702,41932
Manhattan,001002,2299,14519
Manhattan,001200,1655,25865
Manhattan,001300,798,81609
Manhattan,001401,1578,39239
Manhattan,001402,1307,18984
Manhattan,001501,2326,40158
Manhattan,001502,1521,74531
Manhattan,001600,3156,23619
Manhattan,001800,3094,25747
Manhattan,002000,1774,11963
Manhattan,002100,1134,128384
Manhattan,002201,2614,25700
Manhattan,002202,773,32425
Manhattan,002400,1738,16396
Manhattan,002500,1882,13611
Manhattan,002601,1212,28060
Manhattan,002602,1852,33100
Manhattan,002700,650,28438
Manhattan,002800,3032,27976
Manhattan,002900,2245,20344
Manhattan,003001,2118,34826
Manhattan,003002,1763,34450
Manhattan,003100,247,67361
Manhattan,003200,4620,36759
Manhattan,003300,1837,113332
Manhattan,003400,3772,37371
Manhattan,003601,1303,19271
Manhattan,003602,1052,45000
Manhattan,003800,5357,40886
Manhattan,003900,2176,47083
Manhattan,004000,4563,51413
Manhattan,004100,3340,20950
Manhattan,004200,1824,63258
Manhattan,004300,2420,45409
Manhattan,004401,8548,66154
Manhattan,004402,1542,63519
Manhattan,004500,462,65662
Manhattan,004700,1348,57167
Manhattan,004800,3876,62229
Manhattan,004900,2955,63275
Manhattan,005000,3628,71734
Manhattan,005100,1077,85483
Manhattan,005200,1713,82882
Manhattan,005300,207,67917
Manhattan,005400,2438,81696
Manhattan,005501,2489,77877
Manhattan,005502,1207,83497
Manhattan,005600,1555,85399
Manhattan,005700,1553,97765
Manhattan,005800,363,68523
Manhattan,005900,3137,72480
Manhattan,006000,2378,76573
Manhattan,006100,2454,86597
Manhattan,006200,268,52656
Manhattan,006300,4068,77355
Manhattan,006400,4692,63678
Manhattan,006500,3558,56625
Manhattan,006600,6706,44914
Manhattan,006700,3715,57567
Manhattan,006800,4378,52442
Manhattan,006900,1095,128295
Manhattan,007000,4858,67850
Manhattan,007100,3633,75502
Manhattan,007200,4929,75097
Manhattan,007300,4545,58202
Manhattan,007400,2131,76804
Manhattan,007500,2483,72418
Manhattan,007600,1576,41276
Manhattan,007700,4131,68133
Manhattan,007800,4795,70174
Manhattan,007900,2762,67112
Manhattan,008000,3480,68868
Manhattan,008100,4716,61525
Manhattan,008200,1933,62136
Manhattan,008300,1740,28700
Manhattan,008400,620,70694
Manhattan,008600,4186,110330
Manhattan,008700,3077,56939
Manhattan,008800,5282,61358
Manhattan,008900,3089,55198
Manhattan,009000,4847,80953
Manhattan,009100,2921,58381
Manhattan,009200,906,62375
Manhattan,009300,5278,51710
Manhattan,009400,41,15947
Manhattan,009500,826,60993
Manhattan,009600,117,60083
Manhattan,009700,2651,32350
Manhattan,009800,4753,67482
Manhattan,009900,372,60476
Manhattan,010000,1242,73906
Manhattan,010100,94,66786
Manhattan,010200,141,174119
Manhattan,010300,973,61007
Manhattan,010400,722,67500
Manhattan,010601,4868,102149
Manhattan,010602,2189,76416
Manhattan,010800,5345,71262
Manhattan,010900,103,71641
Manhattan,011000,4449,68417
Manhattan,011100,1445,41940
Manhattan,011201,652,78354
Manhattan,011202,242,188697
Manhattan,011203,835,77329
Manhattan,011300,73,47813
Manhattan,011401,934,108107
Manhattan,011402,1442,85908
Manhattan,011500,585,44519
Manhattan,011600,2426,49146
Manhattan,011700,15,16607
Manhattan,011800,5394,85223
Manhattan,011900,1047,12173
Manhattan,012000,2154,115430
Manhattan,012100,5175,38453
Manhattan,012200,2242,105573
Manhattan,012400,6325,67653
Manhattan,012500,1089,76099
Manhattan,012600,8333,75747
Manhattan,012700,4053,46279
Manhattan,012800,3448,109336
Manhattan,012900,2319,52743
Manhattan,013000,2413,171146
Manhattan,013100,1432,52386
Manhattan,013200,6452,65477
Manhattan,013300,3300,50688
Manhattan,013400,7096,66578
Manhattan,013500,1611,25229
Manhattan,013600,9043,69163
Manhattan,013700,4351,80934
Manhattan,013800,7806,70730
Manhattan,013900,6807,56507
Manhattan,014000,4133,97430
Manhattan,014200,2517,145979
Manhattan,014300,12,18750
Manhattan,014401,2786,84046
Manhattan,014402,3973,67055
Manhattan,014500,2572,102582
Manhattan,014601,2677,60589
Manhattan,014602,5063,70370
Manhattan,014700,789,68750
Manhattan,014801,1655,90391
Manhattan,014802,3750,89713
Manhattan,014900,3475,96588
Manhattan,015001,1056,127126
Manhattan,015002,2736,166209
Manhattan,015100,3559,39983
Manhattan,015200,3514,51150
Manhattan,015300,5719,94583
Manhattan,015400,7665,58761
Manhattan,015500,4146,71283
Manhattan,015601,2919,53153
Manhattan,015602,675,15069
Manhattan,015700,6826,71839
Manhattan,015801,2846,92940
Manhattan,015802,1478,51648
Manhattan,015900,5847,75327
Manhattan,016001,1840,152728
Manhattan,016002,1438,58619
Manhattan,016100,4253,69262
Manhattan,016200,3944,23211
Manhattan,016300,4125,78719
Manhattan,016400,2157,14830
Manhattan,016500,3821,89811
Manhattan,016600,2666,26670
Manhattan,016700,3729,93335
Manhattan,016800,1642,22061
Manhattan,016900,4820,75000
Manhattan,017000,3086,27168
Manhattan,017100,5290,72229
Manhattan,017201,1417,19443
Manhattan,017202,327,17650
Manhattan,017300,5120,71969
Manhattan,017401,2081,24861
Manhattan,017402,725,26175
Manhattan,017500,5519,87026
Manhattan,017700,4924,46154
Manhattan,017800,1691,23284
Manhattan,017900,5327,59637
Manhattan,018000,2591,13705
Manhattan,018100,4730,53222
Manhattan,018200,2391,16058
Manhattan,018300,4981,53229
Manhattan,018400,2260,14103
Manhattan,018500,2453,56810
Manhattan,018600,2030,14008
Manhattan,018700,4720,54977
Manhattan,018800,2049,16716
Manhattan,018900,5002,23836
Manhattan,019000,796,16623
Manhattan,019100,4577,56836
Manhattan,019200,1266,9320
Manhattan,019300,4115,34360
Manhattan,019400,2179,16507
Manhattan,019500,3768,56196
Manhattan,019600,1315,9829
Manhattan,019701,7,14688
Manhattan,019702,1046,26029
Manhattan,019800,829,21480
Manhattan,019900,3830,49750
Manhattan,020000,1064,24091
Manhattan,020101,313,59479
Manhattan,020102,1473,23146
Manhattan,020200,186,23966
Manhattan,020300,532,34702
Manhattan,020400,993,15298
Manhattan,020500,1483,73750
Manhattan,020600,1032,25714
Manhattan,020701,1366,32273
Manhattan,020702,797,27472
Manhattan,020800,1801,24729
Manhattan,020901,1347,14310
Manhattan,020902,478,11622
Manhattan,021000,3107,26047
Manhattan,021100,4524,34940
Manhattan,021200,2243,29563
Manhattan,021301,1587,25226
Manhattan,021302,110,9375
Manhattan,021400,1926,25788
Manhattan,021600,3059,25236
Manhattan,021701,604,24118
Manhattan,021702,1050,19052
Manhattan,021800,2029,22246
Manhattan,021900,2241,17272
Manhattan,022000,2211,21123
Manhattan,022101,230,15556
Manhattan,022102,1056,30185
Manhattan,022200,1059,16744
Manhattan,022301,2286,26771
Manhattan,022302,1520,17400
Manhattan,022400,2460,15900
Manhattan,022500,3300,28689
Manhattan,022600,1885,17766
Manhattan,022701,2011,24588
Manhattan,022702,365,13393
Manhattan,022800,2230,16444
Manhattan,022900,2869,21692
Manhattan,023000,3296,16958
Manhattan,023101,2654,25272
Manhattan,023102,414,16645
Manhattan,023200,3023,18013
Manhattan,023300,2167,23762
Manhattan,023400,1531,20257
Manhattan,023501,2518,24043
Manhattan,023502,843,16094
Manhattan,023600,2687,23047
Manhattan,023700,2604,22087
Manhattan,023800,3214,49976
Manhattan,023900,1075,17841
Manhattan,024000,0,0
Manhattan,024100,3322,26491
Manhattan,024301,1330,24219
Manhattan,024302,2544,11482
Manhattan,024500,4628,25631
Manhattan,024700,2599,30106
Manhattan,024900,345,20197
Manhattan,025100,874,21354
Manhattan,025300,3829,26899
Manhattan,025500,2346,35068
Manhattan,026100,3669,25712
Manhattan,026300,2870,30297
Manhattan,026500,2771,28553
Manhattan,026700,653,19947
Manhattan,026900,2668,22279
Manhattan,027100,2948,32168
Manhattan,027300,3079,46418
Manhattan,027500,1492,55865
Manhattan,027700,2088,25087
Manhattan,027900,4022,30387
Manhattan,028100,1339,48433
Manhattan,028300,3193,26238
Manhattan,028500,2720,21023
Manhattan,028700,1673,29613
Manhattan,028900,1496,23272
Manhattan,029100,3782,21826
Manhattan,029300,2933,21678
Manhattan,029500,3279,35069
Manhattan,029700,0,0
Manhattan,030100,0,0
Manhattan,030300,1753,38149
Manhattan,030700,1830,47994
Manhattan,030900,2873,25754
Manhattan,031100,0,0
Manhattan,031300,62,75625
Manhattan,031500,24,56250
Manhattan,031701,4452,107611
Manhattan,031702,0,0
Manhattan,031900,132,81251
Queens,000100,527,85898
Queens,000200,898,38333
Queens,000400,1415,41845
Queens,000600,1025,45225
Queens,000700,1816,45189
Queens,000800,1023,37201
Queens,001000,971,45694
Queens,001200,1265,40529
Queens,001400,1160,46014
Queens,001600,805,51250
Queens,001800,881,47841
Queens,001900,365,37063
Queens,002000,374,62813
Queens,002200,887,47031
Queens,002400,743,50893
Queens,002500,2568,11055
Queens,002600,562,42378
Queens,002700,51,26875
Queens,002800,1011,37135
Queens,002900,407,32994
Queens,003000,379,58750
Queens,003100,624,33819
Queens,003200,492,45000
Queens,003400,550,38370
Queens,003500,88,44286
Queens,003600,977,43438
Queens,003700,662,11625
Queens,003800,764,42908
Queens,003900,368,32097
Queens,004001,632,41436
Queens,004002,383,31705
Queens,004100,316,31410
Queens,004200,1126,33000
Queens,004300,1087,15456
Queens,004401,955,35344
Queens,004402,59,39018
Queens,004500,1523,49668
Queens,004700,1856,23984
Queens,004900,217,42150
Queens,005000,27,27411
Queens,005100,867,36020
Queens,005200,683,33220
Queens,005300,2499,38240
Queens,005400,1679,44958
Queens,005500,388,33611
Queens,005700,1889,35290
Queens,005800,2045,46563
Queens,005900,1924,41520
Queens,006100,2971,31010
Queens,006200,5302,45261
Queens,006300,2787,32730
Queens,006500,3689,37169
Queens,006700,385,53036
Queens,006900,1668,35620
Queens,007100,1796,35909
Queens,007300,2200,42019
Queens,007500,2208,30983
Queens,007700,449,39340
Queens,007900,1114,33807
Queens,008100,273,29650
Queens,008300,1031,35781
Queens,008600,904,45431
Queens,008700,1483,14755
Queens,008800,1038,46691
Queens,009100,1242,41000
Queens,009400,934,36341
Queens,009500,1016,39828
Queens,009600,963,40406
Queens,009700,1515,51495
Queens,009800,857,39943
Queens,009900,0,0
Queens,010000,963,55601
Queens,010100,1144,50806
Queens,010200,861,43589
Queens,010300,2079,37413
Queens,010400,970,41750
Queens,010500,1764,23125
Queens,010600,947,45396
Queens,010700,44,4792
Queens,010800,827,54073
Queens,011000,864,39122
Queens,011100,1307,41406
Queens,011200,654,43015
Queens,011300,2008,33279
Queens,011400,406,28571
Queens,011500,1476,36684
Queens,011600,645,41772
Queens,011700,1867,41067
Queens,011800,634,37179
Queens,011900,794,37500
Queens,012000,723,45750
Queens,012100,1011,44375
Queens,012200,941,37804
Queens,012300,1229,45536
Queens,012400,881,44438
Queens,012601,702,44722
Queens,012602,739,46466
Queens,012800,735,47969
Queens,013000,533,38598
Queens,013200,641,32361
Queens,013400,2496,40286
Queens,013500,775,39583
Queens,013600,885,58281
Queens,013700,598,34545
Queens,013800,1385,45863
Queens,014000,1421,41887
Queens,014100,794,30542
Queens,014201,1218,32068
Queens,014202,721,37625
Queens,014300,1783,34515
Queens,014400,612,40125
Queens,014500,973,37813
Queens,014700,1383,44125
Queens,014800,659,32475
Queens,014900,1078,44630
Queens,015000,733,37684
Queens,015100,1191,39788
Queens,015200,695,45240
Queens,015300,1090,40665
Queens,015400,690,41848
Queens,015500,1000,39864
Queens,015600,915,42583
Queens,015700,640,30903
Queens,015800,2366,42329
Queens,015900,2010,33936
Queens,016100,931,45383
Queens,016300,1660,25102
Queens,016400,927,55625
Queens,016600,1064,42791
Queens,016800,825,45296
Queens,016900,2414,43205
Queens,017000,715,47202
Queens,017100,0,0
Queens,017200,640,38438
Queens,017400,666,57500
Queens,017600,608,41321
Queens,017800,557,45313
Queens,017900,445,29250
Queens,018000,302,50278
Queens,018100,3757,34932
Queens,018200,652,33194
Queens,018300,2826,42299
Queens,018401,696,31477
Queens,018402,613,50625
Queens,018500,3223,38482
Queens,018600,480,52639
Queens,018700,1226,41275
Queens,018800,384,44306
Queens,018900,1354,38000
Queens,019000,652,38241
Queens,019100,0,0
Queens,019200,650,39519
Queens,019401,311,58203
Queens,019402,470,43971
Queens,019600,820,39340
Queens,019700,205,44659
Queens,019800,838,26667
Queens,020200,408,48276
Queens,020400,589,28848
Queens,020501,116,41731
Queens,020502,287,41106
Queens,020600,421,36446
Queens,020800,730,40000
Queens,021200,714,28571
Queens,021400,1985,43254
Queens,021600,2159,42648
Queens,021900,18,76250
Queens,022001,2635,43177
Queens,022002,2121,42399
Queens,022900,0,0
Queens,023000,556,49500
Queens,023200,1553,47131
Queens,023500,2567,33280
Queens,023600,731,40230
Queens,023800,1451,30746
Queens,024000,1651,31943
Queens,024300,1809,39981
Queens,024400,0,0
Queens,024500,2097,41395
Queens,024600,1,2499
Queens,024700,462,44000
Queens,024800,264,32813
Queens,024900,1998,36526
Queens,025000,11,15208
Queens,025100,2150,38143
Queens,025200,1934,21085
Queens,025300,3075,33682
Queens,025500,744,47143
Queens,025700,543,34375
Queens,025800,429,32292
Queens,025900,1058,36091
Queens,026000,549,22466
Queens,026100,2293,36104
Queens,026200,303,51307
Queens,026300,2007,33838
Queens,026400,694,39483
Queens,026500,1450,34127
Queens,026600,807,16010
Queens,026700,2045,36342
Queens,026900,3095,31733
Queens,027000,405,47614
Queens,027100,2709,34206
Queens,027200,557,31756
Queens,027300,2449,35310
Queens,027400,586,41270
Queens,027500,2161,36048
Queens,027600,365,34926
Queens,027700,2906,38074
Queens,027800,829,22528
Queens,027900,2347,42822
Queens,028000,507,47596
Queens,028100,2413,41962
Queens,028200,420,51714
Queens,028300,3087,40025
Queens,028400,1030,55114
Queens,028500,2155,46276
Queens,028700,2802,37895
Queens,028800,1310,44348
Queens,028900,2097,41639
Queens,029100,2471,36892
Queens,029200,1932,42988
Queens,029300,395,38438
Queens,029500,1682,44231
Queens,029700,652,44643
Queens,029900,0,0
Queens,030400,999,55586
Queens,030901,3299,48398
Queens,030902,2667,41018
Queens,031700,2490,45833
Queens,032000,1002,46696
Queens,032700,1128,39881
Queens,032800,764,55625
Queens,032900,1080,47917
Queens,033000,1959,48706
Queens,033100,0,0
Queens,033401,696,50833
Queens,033402,6104,39792
Queens,033700,1039,34427
Queens,033900,1221,38281
Queens,034700,968,42321
Queens,035100,1507,36250
Queens,035200,798,50313
Queens,035300,824,34135
Queens,035500,910,39727
Queens,035800,1273,51960
Queens,036100,762,35000
Queens,036300,599,50094
Queens,036500,910,35625
Queens,036600,940,42333
Queens,036700,894,42976
Queens,036800,799,49955
Queens,036900,353,45040
Queens,037100,467,48821
Queens,037300,667,39688
Queens,037500,1001,38594
Queens,037600,1968,46549
Queens,037700,888,27708
Queens,037900,1176,32451
Queens,038100,1539,33516
Queens,038300,901,51766
Queens,038400,766,57708
Queens,039400,923,48493
Queens,039800,568,62708
Queens,039900,971,32340
Queens,040000,380,47222
Queens,040100,1552,36517
Queens,040200,518,47955
Queens,040300,1491,35551
Queens,040400,1308,37034
Queens,040500,803,34871
Queens,040700,1905,33750
Queens,040900,1270,40208
Queens,041000,128,63846
Queens,041100,883,35938
Queens,041300,936,36744
Queens,041400,1187,34540
Queens,041500,983,36741
Queens,042000,274,74167
Queens,042200,516,63750
Queens,042600,0,0
Queens,042700,1113,36652
Queens,043200,352,61875
Queens,043400,611,31645
Queens,043700,2887,35182
Queens,043900,1049,34297
Queens,044000,1011,35179
Queens,044200,641,22460
Queens,044300,2580,31361
Queens,044601,914,29038
Queens,044602,1324,31394
Queens,044800,764,47976
Queens,045000,605,49934
Queens,045200,236,47386
Queens,045400,1440,46154
Queens,045500,4662,35320
Queens,045600,357,51528
Queens,045700,1063,45197
Queens,045800,587,49279
Queens,045900,1229,41325
Queens,046000,1895,30053
Queens,046100,739,36250
Queens,046200,1895,36840
Queens,046300,1052,38929
Queens,046400,486,60179
Queens,046500,1085,43867
Queens,046600,1306,51979
Queens,046700,2013,29394
Queens,046800,1182,35200
Queens,046900,2740,37425
Queens,047000,1007,45592
Queens,047100,1229,28393
Queens,047200,1329,57765
Queens,047300,1459,40604
Queens,047500,1411,41495
Queens,047600,481,94820
Queens,047800,2169,44777
Queens,047900,1788,36066
Queens,048000,708,51071
Queens,048100,1880,37143
Queens,048200,402,49773
Queens,048300,1228,32288
Queens,048400,1508,45577
Queens,048500,1455,37651
Queens,048900,419,39750
Queens,049200,1933,37928
Queens,049301,680,43600
Queens,049302,1030,50031
Queens,049500,521,42227
Queens,049600,932,57143
Queens,049700,974,41892
Queens,049900,1410,44900
Queens,050000,1195,38125
Queens,050201,429,52596
Queens,050202,390,60227
Queens,050400,545,42708
Queens,050500,588,51827
Queens,050600,467,51033
Queens,050700,1348,53220
Queens,050800,585,46250
Queens,051000,432,58750
Queens,051100,835,49704
Queens,051200,784,54130
Queens,051300,761,41514
Queens,051500,1204,40793
Queens,051600,644,59038
Queens,051700,703,33073
Queens,051800,543,55361
Queens,052000,513,44750
Queens,052100,760,48807
Queens,052200,454,71364
Queens,052400,606,43819
Queens,052500,660,45583
Queens,052600,568,45227
Queens,052700,1041,41250
Queens,052800,452,47188
Queens,052900,295,36464
Queens,053000,648,46056
Queens,053200,546,57162
Queens,053400,535,52708
Queens,053500,416,31071
Queens,053600,659,52883
Queens,053800,549,64554
Queens,053900,1300,37296
Queens,054000,1213,56425
Queens,054200,1522,53846
Queens,054500,1252,24841
Queens,054700,1356,30850
Queens,054800,682,62216
Queens,054900,1593,30295
Queens,055100,1623,29275
Queens,055200,1133,50568
Queens,055300,713,33925
Queens,055400,811,56352
Queens,055500,666,30938
Queens,055600,659,56250
Queens,055700,1373,33970
Queens,055800,492,73824
Queens,055900,374,32292
Queens,056000,503,48542
Queens,056100,0,0
Queens,056200,410,64375
Queens,056400,570,55435
Queens,056500,367,29917
Queens,056600,495,53550
Queens,056700,1449,51544
Queens,056800,1558,48400
Queens,057700,1351,38185
Queens,057800,910,50625
Queens,057900,671,32625
Queens,058000,1169,55750
Queens,058100,1044,35909
Queens,058300,1206,39783
Queens,058500,1474,35268
Queens,058700,1319,35589
Queens,058800,380,45417
Queens,058900,1616,30078
Queens,059000,388,65192
Queens,059100,1977,34544
Queens,059200,430,53672
Queens,059300,1505,35547
Queens,059400,548,68833
Queens,059500,1605,35828
Queens,059600,534,65469
Queens,059800,581,54484
Queens,059900,574,50391
Queens,060000,388,65000
Queens,060100,788,47188
Queens,060200,330,57045
Queens,060300,655,50847
Queens,060400,362,55476
Queens,060600,493,59875
Queens,060700,486,52321
Queens,060800,488,66964
Queens,061000,377,73750
Queens,061200,536,76408
Queens,061300,1830,42722
Queens,061400,395,63482
Queens,061601,729,71144
Queens,061602,532,56310
Queens,061800,580,55375
Queens,061900,1071,42788
Queens,062000,552,59688
Queens,062100,999,46008
Queens,062300,689,45845
Queens,062400,225,65885
Queens,062500,946,47600
Queens,062600,834,54412
Queens,062700,1068,42292
Queens,062900,1060,36563
Queens,063000,522,65000
Queens,063200,775,60150
Queens,063301,624,47500
Queens,063302,530,46250
Queens,063500,914,49333
Queens,063700,1183,50938
Queens,063800,1167,58164
Queens,063900,1147,45323
Queens,064101,871,31012
Queens,064102,63,46635
Queens,064500,770,47763
Queens,064600,974,58333
Queens,065000,943,63359
Queens,065400,801,60542
Queens,065500,373,52250
Queens,065600,1307,55923
Queens,065701,749,52765
Queens,065702,660,46161
Queens,065900,753,61063
Queens,066000,864,65153
Queens,066100,682,52273
Queens,066300,1027,60817
Queens,066400,3004,59375
Queens,066500,1209,52163
Queens,066700,821,52450
Queens,066900,702,54167
Queens,067101,478,49808
Queens,067102,419,56932
Queens,067700,706,65982
Queens,067900,1617,35430
Queens,068000,1340,66071
Queens,068200,398,63548
Queens,068300,1530,40205
Queens,068700,1865,39308
Queens,069000,1025,51131
Queens,069300,1263,38353
Queens,069400,912,51229
Queens,069500,919,52031
Queens,069701,1694,31832
Queens,069702,2105,55048
Queens,070300,1284,52019
Queens,070700,780,60250
Queens,070900,1009,62663
Queens,071100,2300,51336
Queens,071301,5689,46543
Queens,071302,5182,46750
Queens,071600,18,47750
Queens,071700,4456,39845
Queens,071900,981,35382
Queens,072100,2322,33402
Queens,072500,23,153712
Queens,072700,312,92378
Queens,072900,527,49635
Queens,073100,717,57096
Queens,073300,308,101129
Queens,073500,282,119027
Queens,073700,1129,51367
Queens,073900,2728,55000
Queens,074100,1571,49625
Queens,074300,1772,36824
Queens,074500,1593,28750
Queens,074700,854,56125
Queens,075700,4940,56267
Queens,076600,209,16473
Queens,076800,143,51094
Queens,076901,1837,56172
Queens,076902,682,47105
Queens,077100,333,100833
Queens,077300,954,59605
Queens,077500,1027,48451
Queens,077901,3633,39070
Queens,077902,1865,56862
Queens,077903,1086,46610
Queens,077904,2268,53708
Queens,077905,1074,56059
Queens,078800,449,48523
Queens,079000,909,32578
Queens,079200,711,38664
Queens,079300,0,0
Queens,079700,4437,37897
Queens,079900,1068,52500
Queens,080301,1302,38556
Queens,080302,1040,61452
Queens,080900,2796,47867
Queens,081400,999,52730
Queens,081800,1019,49631
Queens,083700,1737,49766
Queens,083800,1512,52179
Queens,084000,1975,47908
Queens,084500,1918,32609
Queens,084601,952,43167
Queens,084602,221,53646
Queens,085100,2168,32235
Queens,085300,2161,30886
Queens,085500,2692,33343
Queens,085700,1922,30984
Queens,085900,1808,37027
Queens,086100,913,36289
Queens,086300,2494,36005
Queens,086400,735,60505
Queens,086500,1825,25395
Queens,086700,301,33583
Queens,087100,672,23306
Queens,087500,106,35682
Queens,088400,2928,60056
Queens,088901,3858,34107
Queens,088902,133,61250
Queens,089200,3081,57108
Queens,090700,390,45956
Queens,091601,1866,58276
Queens,091602,5,85489
Queens,091800,0,0
Queens,091900,1703,49926
Queens,092200,815,90929
Queens,092500,1158,42802
Queens,092800,1287,82745
Queens,092900,1908,51211
Queens,093400,3327,42133
Queens,093800,1901,37902
Queens,093900,1354,45893
Queens,094201,683,26580
Queens,094202,1107,17917
Queens,094203,2515,34844
Queens,094500,1452,62870
Queens,094700,753,50929
Queens,095200,322,15714
Queens,096200,907,40219
Queens,096400,893,46445
Queens,097201,2816,18450
Queens,097202,1043,27535
Queens,097300,833,63828
Queens,098100,666,53281
Queens,098700,996,50122
Queens,099100,2926,62341
Queens,099200,884,25179
Queens,099701,1263,52756
Queens,099702,6965,58253
Queens,099800,4951,29920
Queens,099900,0,0
Queens,100800,2808,43513
Queens,101001,2916,23721
Queens,101002,1523,13776
Queens,101700,2492,47647
Queens,102900,1282,49722
Queens,103201,1759,22904
Queens,103202,1794,34942
Queens,103300,1533,57165
Queens,103900,2236,54366
Queens,104700,2860,48395
Queens,105900,1338,51196
Queens,107201,938,51818
Queens,107202,0,0
Queens,108101,321,75086
Queens,108102,344,56172
Queens,108300,675,54050
Queens,109100,721,71576
Queens,109700,716,66071
Queens,109900,1131,54656
Queens,111300,924,76890
Queens,112300,840,46964
Queens,112900,948,66500
Queens,113300,687,62125
Queens,113900,1456,53468
Queens,114100,878,70455
Queens,114700,634,80822
Queens,115100,417,82453
Queens,115500,774,41471
Queens,115700,1268,48500
Queens,115900,1367,39899
Queens,116100,1455,34273
Queens,116300,2856,32500
Queens,116700,663,36895
Queens,117100,1032,34470
Queens,117500,1927,48027
Queens,118100,651,49680
Queens,118500,733,39219
Queens,118700,807,40938
Queens,118900,742,41105
Queens,119100,1015,41503
Queens,119300,836,36173
Queens,119500,411,66741
Queens,119900,513,54458
Queens,120100,487,36645
Queens,120300,514,54000
Queens,120500,979,33405
Queens,120700,920,49688
Queens,121100,0,0
Queens,121500,1281,40285
Queens,122300,1189,51935
Queens,122701,3855,50008
Queens,122702,2714,23079
Queens,124100,1264,59096
Queens,124700,1213,66473
Queens,125700,1031,52541
Queens,126500,637,60250
Queens,126700,675,57750
Queens,127300,401,72112
Queens,127500,811,91873
Queens,128300,11,112820
Queens,129101,3875,51997
Queens,129102,1226,69474
Queens,130100,1583,46680
Queens,131900,0,0
Queens,133300,1402,79397
Queens,133900,435,81614
Queens,134100,1105,70636
Queens,134700,3982,50661
Queens,136700,2436,45846
Queens,137700,2259,51272
Queens,138501,1531,59526
Queens,138502,0,0
Queens,139900,587,72639
Queens,140300,787,58220
Queens,140901,322,66250
Queens,140902,817,60644
Queens,141701,1474,61324
Queens,141702,130,45385
Queens,142900,1289,64153
Queens,143500,779,61125
Queens,144100,1176,57794
Queens,144700,945,43586
Queens,145101,483,67917
Queens,145102,864,52061
Queens,145900,1026,58125
Queens,146300,998,47552
Queens,146700,1260,52280
Queens,147100,1312,54432
Queens,147900,1604,61530
Queens,148300,1076,85183
Queens,150701,1114,73229
Queens,150702,1206,61579
Queens,152901,2520,59762
Queens,152902,2173,55101
Queens,155101,1599,55724
Queens,155102,3406,50637
Queens,156700,49,6771
Queens,157101,2616,60117
Queens,157102,485,66103
Queens,157901,1794,58226
Queens,157902,1199,65774
Queens,157903,1379,52188
Queens,161700,1485,63250
Queens,162100,2015,53812
Queens,162200,0,0
Staten Island,000300,636,37813
Staten Island,000600,1212,41000
Staten Island,000700,2040,35843
Staten Island,000800,1721,51404
Staten Island,000900,845,35703
Staten Island,001100,1261,37321
Staten Island,001500,351,49531
Staten Island,001700,570,44444
Staten Island,001800,382,33409
Staten Island,002001,936,50859
Staten Island,002002,1199,51741
Staten Island,002100,1097,39967
Staten Island,002700,336,30227
Staten Island,002900,1598,17019
Staten Island,003300,1243,55568
Staten Island,003600,708,50671
Staten Island,003900,1055,48271
Staten Island,004000,3700,30616
Staten Island,004700,1032,57500
Staten Island,005000,1408,48600
Staten Island,005900,1135,59811
Staten Island,006400,1295,40069
Staten Island,006500,748,65776
Staten Island,007000,2446,51510
Staten Island,007400,1279,30604
Staten Island,007500,1091,49393
Staten Island,007700,503,43583
Staten Island,008100,1512,34085
Staten Island,008900,0,0
Staten Island,009100,451,82081
Staten Island,009601,1487,44599
Staten Island,009602,1335,52596
Staten Island,009700,1362,45938
Staten Island,010500,1609,50586
Staten Island,011201,1955,54732
Staten Island,011202,1963,53274
Staten Island,011401,1281,37656
Staten Island,011402,1315,57469
Staten Island,012100,1188,76675
Staten Island,012200,1392,55705
Staten Island,012500,987,42260
Staten Island,012803,3513,45871
Staten Island,012804,1400,47794
Staten Island,013201,631,67898
Staten Island,013203,2007,63533
Staten Island,013204,1926,59250
Staten Island,013301,560,12300
Staten Island,013302,802,36042
Staten Island,013400,1494,64542
Staten Island,013800,2357,66932
Staten Island,014100,851,41528
Staten Island,014603,3032,64892
Staten Island,014604,2403,56152
Staten Island,014605,1346,63222
Staten Island,014606,2251,61024
Staten Island,014700,1431,62964
Staten Island,015100,1996,60152
Staten Island,015400,0,0
Staten Island,015601,2355,61463
Staten Island,015602,1212,72292
Staten Island,015603,1593,62534
Staten Island,016901,1071,68403
Staten Island,016902,338,110375
Staten Island,017005,1381,66348
Staten Island,017006,3228,65526
Staten Island,017007,1108,57500
Staten Island,017008,2661,71632
Staten Island,017009,1551,75457
Staten Island,017010,3004,67774
Staten Island,017300,948,39609
Staten Island,017600,1554,75710
Staten Island,017700,2045,83031
Staten Island,017900,939,75604
Staten Island,018500,117,8170
Staten Island,018701,624,57763
Staten Island,018702,2247,61377
Staten Island,018901,2019,57538
Staten Island,018902,1609,67269
Staten Island,019600,1695,66345
Staten Island,019700,688,72935
Staten Island,020100,1202,62095
Staten Island,020700,1470,32759
Staten Island,020801,2764,60528
Staten Island,020803,1726,70885
Staten Island,020804,1790,71927
Staten Island,021300,1323,50101
Staten Island,021900,288,25556
Staten Island,022300,725,35804
Staten Island,022600,1807,61278
Staten Island,023100,973,46827
Staten Island,023600,16,37222
Staten Island,023900,909,54301
Staten Island,024400,2900,68073
Staten Island,024700,907,41964
Staten Island,024800,1366,57209
Staten Island,025100,2177,63750
Staten Island,027301,1339,62989
Staten Island,027302,1230,68017
Staten Island,027702,2644,50164
Staten Island,027703,3076,56346
Staten Island,027704,1326,58804
Staten Island,027900,497,73875
Staten Island,029102,805,57708
Staten Island,029103,2765,61954
Staten Island,029104,2355,62260
Staten Island,030301,1714,49962
Staten Island,030302,1890,51867
Staten Island,031901,1009,26821
Staten Island,031902,1326,32234
Staten Island,032300,446,51071
