GEO.id,GEO.id2,GEO.display-label,HD01_VD01,HD02_VD01
Id,Id2,Geography,Estimate; Median household income in the past 12 months (in 2014 Inflation-adjusted dollars),Margin of Error; Median household income in the past 12 months (in 2014 Inflation-adjusted dollars)
1400000US40001376600,40001376600,"Census Tract 3766, Adair County, Oklahoma",38208,3881
1400000US40001376700,40001376700,"Census Tract 3767, Adair County, Oklahoma",35605,3148
1400000US40001376800,40001376800,"Census Tract 3768, Adair County, Oklahoma",30855,3235
1400000US40001376900,40001376900,"Census Tract 3769, Adair County, Oklahoma",24413,3271
1400000US40001377000,40001377000,"Census Tract 3770, Adair County, Oklahoma",33372,2589
1400000US40003955600,40003955600,"Census Tract 9556, Alfalfa County, Oklahoma",45595,7196
1400000US40003955700,40003955700,"Census Tract 9557, Alfalfa County, Oklahoma",50365,6818
1400000US40003956000,40003956000,"Census Tract 9560, Alfalfa County, Oklahoma",47849,6106
1400000US40005587600,40005587600,"Census Tract 5876, Atoka County, Oklahoma",47045,5232
1400000US40005587700,40005587700,"Census Tract 5877, Atoka County, Oklahoma",30822,3521
1400000US40005587800,40005587800,"Census Tract 5878, Atoka County, Oklahoma",39591,2539
1400000US40005587900,40005587900,"Census Tract 5879, Atoka County, Oklahoma",37163,4457
1400000US40007951600,40007951600,"Census Tract 9516, Beaver County, Oklahoma",50833,6438
1400000US40007951700,40007951700,"Census Tract 9517, Beaver County, Oklahoma",64306,11970
1400000US40007951800,40007951800,"Census Tract 9518, Beaver County, Oklahoma",50750,4374
1400000US40009966100,40009966100,"Census Tract 9661, Beckham County, Oklahoma",55000,11249
1400000US40009966200,40009966200,"Census Tract 9662, Beckham County, Oklahoma",57792,17389
1400000US40009966500,40009966500,"Census Tract 9665, Beckham County, Oklahoma",38281,6936
1400000US40009966800,40009966800,"Census Tract 9668, Beckham County, Oklahoma",40811,8800
1400000US40011958600,40011958600,"Census Tract 9586, Blaine County, Oklahoma",39595,5189
1400000US40011958700,40011958700,"Census Tract 9587, Blaine County, Oklahoma",40046,7416
1400000US40011958800,40011958800,"Census Tract 9588, Blaine County, Oklahoma",44781,2672
1400000US40011958900,40011958900,"Census Tract 9589, Blaine County, Oklahoma",49286,4966
1400000US40011959000,40011959000,"Census Tract 9590, Blaine County, Oklahoma",42386,6729
1400000US40013795600,40013795600,"Census Tract 7956, Bryan County, Oklahoma",39031,3328
1400000US40013795700,40013795700,"Census Tract 7957, Bryan County, Oklahoma",34329,3548
1400000US40013795900,40013795900,"Census Tract 7959, Bryan County, Oklahoma",35543,5619
1400000US40013796001,40013796001,"Census Tract 7960.01, Bryan County, Oklahoma",44144,5405
1400000US40013796002,40013796002,"Census Tract 7960.02, Bryan County, Oklahoma",38798,4622
1400000US40013796100,40013796100,"Census Tract 7961, Bryan County, Oklahoma",47286,4074
1400000US40013796200,40013796200,"Census Tract 7962, Bryan County, Oklahoma",30179,5100
1400000US40013796300,40013796300,"Census Tract 7963, Bryan County, Oklahoma",36364,8529
1400000US40013796400,40013796400,"Census Tract 7964, Bryan County, Oklahoma",24500,4259
1400000US40013796500,40013796500,"Census Tract 7965, Bryan County, Oklahoma",31786,11011
1400000US40013796600,40013796600,"Census Tract 7966, Bryan County, Oklahoma",38352,4597
1400000US40015161600,40015161600,"Census Tract 1616, Caddo County, Oklahoma",47885,3904
1400000US40015161700,40015161700,"Census Tract 1617, Caddo County, Oklahoma",42297,2817
1400000US40015161800,40015161800,"Census Tract 1618, Caddo County, Oklahoma",31977,2666
1400000US40015161900,40015161900,"Census Tract 1619, Caddo County, Oklahoma",39063,8508
1400000US40015162000,40015162000,"Census Tract 1620, Caddo County, Oklahoma",48000,6797
1400000US40015162100,40015162100,"Census Tract 1621, Caddo County, Oklahoma",30329,4271
1400000US40015162200,40015162200,"Census Tract 1622, Caddo County, Oklahoma",46184,8398
1400000US40015162300,40015162300,"Census Tract 1623, Caddo County, Oklahoma",41518,5731
1400000US40017300100,40017300100,"Census Tract 3001, Canadian County, Oklahoma",55588,7302
1400000US40017300201,40017300201,"Census Tract 3002.01, Canadian County, Oklahoma",73588,7427
1400000US40017300202,40017300202,"Census Tract 3002.02, Canadian County, Oklahoma",53942,8148
1400000US40017300300,40017300300,"Census Tract 3003, Canadian County, Oklahoma",50813,11982
1400000US40017300400,40017300400,"Census Tract 3004, Canadian County, Oklahoma",46111,16199
1400000US40017300500,40017300500,"Census Tract 3005, Canadian County, Oklahoma",41190,3449
1400000US40017300600,40017300600,"Census Tract 3006, Canadian County, Oklahoma",52589,4299
1400000US40017300700,40017300700,"Census Tract 3007, Canadian County, Oklahoma",60718,4610
1400000US40017300801,40017300801,"Census Tract 3008.01, Canadian County, Oklahoma",87110,7180
1400000US40017300802,40017300802,"Census Tract 3008.02, Canadian County, Oklahoma",65776,6740
1400000US40017300901,40017300901,"Census Tract 3009.01, Canadian County, Oklahoma",65950,4731
1400000US40017300902,40017300902,"Census Tract 3009.02, Canadian County, Oklahoma",61250,10883
1400000US40017300904,40017300904,"Census Tract 3009.04, Canadian County, Oklahoma",46464,4794
1400000US40017300905,40017300905,"Census Tract 3009.05, Canadian County, Oklahoma",85272,9527
1400000US40017301001,40017301001,"Census Tract 3010.01, Canadian County, Oklahoma",47098,41167
1400000US40017301003,40017301003,"Census Tract 3010.03, Canadian County, Oklahoma",59614,6250
1400000US40017301006,40017301006,"Census Tract 3010.06, Canadian County, Oklahoma",66047,3182
1400000US40017301007,40017301007,"Census Tract 3010.07, Canadian County, Oklahoma",66016,6581
1400000US40017301008,40017301008,"Census Tract 3010.08, Canadian County, Oklahoma",92793,10776
1400000US40017301009,40017301009,"Census Tract 3010.09, Canadian County, Oklahoma",61902,3939
1400000US40017301100,40017301100,"Census Tract 3011, Canadian County, Oklahoma",66646,7837
1400000US40017301201,40017301201,"Census Tract 3012.01, Canadian County, Oklahoma",42929,7269
1400000US40017301202,40017301202,"Census Tract 3012.02, Canadian County, Oklahoma",58625,7815
1400000US40017301300,40017301300,"Census Tract 3013, Canadian County, Oklahoma",101284,11519
1400000US40017301406,40017301406,"Census Tract 3014.06, Canadian County, Oklahoma",70185,6888
1400000US40017301407,40017301407,"Census Tract 3014.07, Canadian County, Oklahoma",80677,12443
1400000US40017301408,40017301408,"Census Tract 3014.08, Canadian County, Oklahoma",53875,19249
1400000US40017301409,40017301409,"Census Tract 3014.09, Canadian County, Oklahoma",63636,9904
1400000US40017301410,40017301410,"Census Tract 3014.10, Canadian County, Oklahoma",56509,7655
1400000US40019892100,40019892100,"Census Tract 8921, Carter County, Oklahoma",32188,5543
1400000US40019892200,40019892200,"Census Tract 8922, Carter County, Oklahoma",43438,6118
1400000US40019892300,40019892300,"Census Tract 8923, Carter County, Oklahoma",37315,7536
1400000US40019892400,40019892400,"Census Tract 8924, Carter County, Oklahoma",41756,3176
1400000US40019892500,40019892500,"Census Tract 8925, Carter County, Oklahoma",52821,8033
1400000US40019892600,40019892600,"Census Tract 8926, Carter County, Oklahoma",45587,7918
1400000US40019892700,40019892700,"Census Tract 8927, Carter County, Oklahoma",54213,5197
1400000US40019892800,40019892800,"Census Tract 8928, Carter County, Oklahoma",27235,4784
1400000US40019892900,40019892900,"Census Tract 8929, Carter County, Oklahoma",39667,8756
1400000US40019893000,40019893000,"Census Tract 8930, Carter County, Oklahoma",54364,6944
1400000US40019893100,40019893100,"Census Tract 8931, Carter County, Oklahoma",36237,2195
1400000US40021977600,40021977600,"Census Tract 9776, Cherokee County, Oklahoma",39900,3983
1400000US40021977700,40021977700,"Census Tract 9777, Cherokee County, Oklahoma",49155,4843
1400000US40021977800,40021977800,"Census Tract 9778, Cherokee County, Oklahoma",41814,5874
1400000US40021977900,40021977900,"Census Tract 9779, Cherokee County, Oklahoma",27035,3954
1400000US40021978000,40021978000,"Census Tract 9780, Cherokee County, Oklahoma",27008,6731
1400000US40021978100,40021978100,"Census Tract 9781, Cherokee County, Oklahoma",38778,11356
1400000US40021978201,40021978201,"Census Tract 9782.01, Cherokee County, Oklahoma",40423,5326
1400000US40021978202,40021978202,"Census Tract 9782.02, Cherokee County, Oklahoma",41875,7724
1400000US40021978300,40021978300,"Census Tract 9783, Cherokee County, Oklahoma",40801,2656
1400000US40023966900,40023966900,"Census Tract 9669, Choctaw County, Oklahoma",36964,5095
1400000US40023967000,40023967000,"Census Tract 9670, Choctaw County, Oklahoma",46065,10304
1400000US40023967100,40023967100,"Census Tract 9671, Choctaw County, Oklahoma",26591,3255
1400000US40023967200,40023967200,"Census Tract 9672, Choctaw County, Oklahoma",20888,6155
1400000US40023967300,40023967300,"Census Tract 9673, Choctaw County, Oklahoma",30203,3032
1400000US40025950100,40025950100,"Census Tract 9501, Cimarron County, Oklahoma",46500,4675
1400000US40025950300,40025950300,"Census Tract 9503, Cimarron County, Oklahoma",42250,11524
1400000US40027200100,40027200100,"Census Tract 2001, Cleveland County, Oklahoma",21563,7674
1400000US40027200200,40027200200,"Census Tract 2002, Cleveland County, Oklahoma",28654,4271
1400000US40027200300,40027200300,"Census Tract 2003, Cleveland County, Oklahoma",33703,7634
1400000US40027200400,40027200400,"Census Tract 2004, Cleveland County, Oklahoma",38629,7523
1400000US40027200500,40027200500,"Census Tract 2005, Cleveland County, Oklahoma",32356,8164
1400000US40027200601,40027200601,"Census Tract 2006.01, Cleveland County, Oklahoma",28389,6529
1400000US40027200602,40027200602,"Census Tract 2006.02, Cleveland County, Oklahoma",36303,12556
1400000US40027200700,40027200700,"Census Tract 2007, Cleveland County, Oklahoma",20365,16069
1400000US40027200800,40027200800,"Census Tract 2008, Cleveland County, Oklahoma",64235,8205
1400000US40027200900,40027200900,"Census Tract 2009, Cleveland County, Oklahoma",47195,7765
1400000US40027201000,40027201000,"Census Tract 2010, Cleveland County, Oklahoma",48917,10621
1400000US40027201101,40027201101,"Census Tract 2011.01, Cleveland County, Oklahoma",49725,7684
1400000US40027201102,40027201102,"Census Tract 2011.02, Cleveland County, Oklahoma",54446,12027
1400000US40027201201,40027201201,"Census Tract 2012.01, Cleveland County, Oklahoma",22614,7112
1400000US40027201202,40027201202,"Census Tract 2012.02, Cleveland County, Oklahoma",6250,6783
1400000US40027201203,40027201203,"Census Tract 2012.03, Cleveland County, Oklahoma",38435,4254
1400000US40027201301,40027201301,"Census Tract 2013.01, Cleveland County, Oklahoma",33037,8185
1400000US40027201403,40027201403,"Census Tract 2014.03, Cleveland County, Oklahoma",65182,7481
1400000US40027201404,40027201404,"Census Tract 2014.04, Cleveland County, Oklahoma",56705,8072
1400000US40027201405,40027201405,"Census Tract 2014.05, Cleveland County, Oklahoma",85880,15275
1400000US40027201505,40027201505,"Census Tract 2015.05, Cleveland County, Oklahoma",87323,11406
1400000US40027201507,40027201507,"Census Tract 2015.07, Cleveland County, Oklahoma",56482,8846
1400000US40027201508,40027201508,"Census Tract 2015.08, Cleveland County, Oklahoma",47625,4636
1400000US40027201509,40027201509,"Census Tract 2015.09, Cleveland County, Oklahoma",73875,9026
1400000US40027201510,40027201510,"Census Tract 2015.10, Cleveland County, Oklahoma",98441,5695
1400000US40027201602,40027201602,"Census Tract 2016.02, Cleveland County, Oklahoma",48056,9289
1400000US40027201603,40027201603,"Census Tract 2016.03, Cleveland County, Oklahoma",37681,7342
1400000US40027201604,40027201604,"Census Tract 2016.04, Cleveland County, Oklahoma",51000,8663
1400000US40027201607,40027201607,"Census Tract 2016.07, Cleveland County, Oklahoma",81167,5074
1400000US40027201609,40027201609,"Census Tract 2016.09, Cleveland County, Oklahoma",104635,11156
1400000US40027201610,40027201610,"Census Tract 2016.10, Cleveland County, Oklahoma",81599,19542
1400000US40027201611,40027201611,"Census Tract 2016.11, Cleveland County, Oklahoma",80000,14336
1400000US40027201612,40027201612,"Census Tract 2016.12, Cleveland County, Oklahoma",56637,12934
1400000US40027201700,40027201700,"Census Tract 2017, Cleveland County, Oklahoma",98385,19647
1400000US40027201801,40027201801,"Census Tract 2018.01, Cleveland County, Oklahoma",105156,17839
1400000US40027201802,40027201802,"Census Tract 2018.02, Cleveland County, Oklahoma",62112,10951
1400000US40027201902,40027201902,"Census Tract 2019.02, Cleveland County, Oklahoma",62860,7288
1400000US40027201903,40027201903,"Census Tract 2019.03, Cleveland County, Oklahoma",49767,6681
1400000US40027201904,40027201904,"Census Tract 2019.04, Cleveland County, Oklahoma",67351,9640
1400000US40027202002,40027202002,"Census Tract 2020.02, Cleveland County, Oklahoma",47232,10806
1400000US40027202004,40027202004,"Census Tract 2020.04, Cleveland County, Oklahoma",48185,6414
1400000US40027202005,40027202005,"Census Tract 2020.05, Cleveland County, Oklahoma",43355,7608
1400000US40027202006,40027202006,"Census Tract 2020.06, Cleveland County, Oklahoma",39485,6237
1400000US40027202007,40027202007,"Census Tract 2020.07, Cleveland County, Oklahoma",56532,7979
1400000US40027202008,40027202008,"Census Tract 2020.08, Cleveland County, Oklahoma",71992,4961
1400000US40027202102,40027202102,"Census Tract 2021.02, Cleveland County, Oklahoma",33841,4535
1400000US40027202104,40027202104,"Census Tract 2021.04, Cleveland County, Oklahoma",64265,12710
1400000US40027202105,40027202105,"Census Tract 2021.05, Cleveland County, Oklahoma",62316,6909
1400000US40027202106,40027202106,"Census Tract 2021.06, Cleveland County, Oklahoma",65017,10748
1400000US40027202107,40027202107,"Census Tract 2021.07, Cleveland County, Oklahoma",95288,9668
1400000US40027202201,40027202201,"Census Tract 2022.01, Cleveland County, Oklahoma",79659,11098
1400000US40027202203,40027202203,"Census Tract 2022.03, Cleveland County, Oklahoma",74900,7133
1400000US40027202205,40027202205,"Census Tract 2022.05, Cleveland County, Oklahoma",79661,6536
1400000US40027202206,40027202206,"Census Tract 2022.06, Cleveland County, Oklahoma",66364,21441
1400000US40027202301,40027202301,"Census Tract 2023.01, Cleveland County, Oklahoma",73988,8253
1400000US40027202302,40027202302,"Census Tract 2023.02, Cleveland County, Oklahoma",59814,6028
1400000US40027202402,40027202402,"Census Tract 2024.02, Cleveland County, Oklahoma",53543,3736
1400000US40027202403,40027202403,"Census Tract 2024.03, Cleveland County, Oklahoma",66250,10952
1400000US40027202404,40027202404,"Census Tract 2024.04, Cleveland County, Oklahoma",55341,10886
1400000US40027202405,40027202405,"Census Tract 2024.05, Cleveland County, Oklahoma",47447,5399
1400000US40027202500,40027202500,"Census Tract 2025, Cleveland County, Oklahoma",43839,8479
1400000US40027202600,40027202600,"Census Tract 2026, Cleveland County, Oklahoma",46979,5377
1400000US40029388100,40029388100,"Census Tract 3881, Coal County, Oklahoma",34591,5908
1400000US40029388200,40029388200,"Census Tract 3882, Coal County, Oklahoma",42174,3797
1400000US40031000100,40031000100,"Census Tract 1, Comanche County, Oklahoma",35544,3647
1400000US40031000200,40031000200,"Census Tract 2, Comanche County, Oklahoma",29000,8303
1400000US40031000300,40031000300,"Census Tract 3, Comanche County, Oklahoma",43171,10189
1400000US40031000401,40031000401,"Census Tract 4.01, Comanche County, Oklahoma",43177,8384
1400000US40031000402,40031000402,"Census Tract 4.02, Comanche County, Oklahoma",59882,5710
1400000US40031000403,40031000403,"Census Tract 4.03, Comanche County, Oklahoma",62120,10087
1400000US40031000501,40031000501,"Census Tract 5.01, Comanche County, Oklahoma",49458,6369
1400000US40031000502,40031000502,"Census Tract 5.02, Comanche County, Oklahoma",49741,7684
1400000US40031000600,40031000600,"Census Tract 6, Comanche County, Oklahoma",53938,13069
1400000US40031000700,40031000700,"Census Tract 7, Comanche County, Oklahoma",37222,4674
1400000US40031000800,40031000800,"Census Tract 8, Comanche County, Oklahoma",30486,8999
1400000US40031000900,40031000900,"Census Tract 9, Comanche County, Oklahoma",56895,10161
1400000US40031001000,40031001000,"Census Tract 10, Comanche County, Oklahoma",37754,7379
1400000US40031001100,40031001100,"Census Tract 11, Comanche County, Oklahoma",24423,10613
1400000US40031001400,40031001400,"Census Tract 14, Comanche County, Oklahoma",20208,12126
1400000US40031001500,40031001500,"Census Tract 15, Comanche County, Oklahoma",24250,7089
1400000US40031001600,40031001600,"Census Tract 16, Comanche County, Oklahoma",16857,2728
1400000US40031001700,40031001700,"Census Tract 17, Comanche County, Oklahoma",25875,7156
1400000US40031001901,40031001901,"Census Tract 19.01, Comanche County, Oklahoma",48750,5510
1400000US40031001902,40031001902,"Census Tract 19.02, Comanche County, Oklahoma",27946,4839
1400000US40031002001,40031002001,"Census Tract 20.01, Comanche County, Oklahoma",75341,11052
1400000US40031002003,40031002003,"Census Tract 20.03, Comanche County, Oklahoma",65000,14240
1400000US40031002004,40031002004,"Census Tract 20.04, Comanche County, Oklahoma",58611,9240
1400000US40031002005,40031002005,"Census Tract 20.05, Comanche County, Oklahoma",47176,10387
1400000US40031002100,40031002100,"Census Tract 21, Comanche County, Oklahoma",60071,6454
1400000US40031002200,40031002200,"Census Tract 22, Comanche County, Oklahoma",64034,7903
1400000US40031002301,40031002301,"Census Tract 23.01, Comanche County, Oklahoma",64726,5383
1400000US40031002302,40031002302,"Census Tract 23.02, Comanche County, Oklahoma",47171,6990
1400000US40031002401,40031002401,"Census Tract 24.01, Comanche County, Oklahoma",-,**
1400000US40031002403,40031002403,"Census Tract 24.03, Comanche County, Oklahoma",35719,8182
1400000US40031002404,40031002404,"Census Tract 24.04, Comanche County, Oklahoma",46926,5769
1400000US40031002500,40031002500,"Census Tract 25, Comanche County, Oklahoma",24269,7106
1400000US40033871100,40033871100,"Census Tract 8711, Cotton County, Oklahoma",51513,7149
1400000US40033871200,40033871200,"Census Tract 8712, Cotton County, Oklahoma",38257,4698
1400000US40035373100,40035373100,"Census Tract 3731, Craig County, Oklahoma",44402,5555
1400000US40035373200,40035373200,"Census Tract 3732, Craig County, Oklahoma",44159,2472
1400000US40035373300,40035373300,"Census Tract 3733, Craig County, Oklahoma",32500,4194
1400000US40035373400,40035373400,"Census Tract 3734, Craig County, Oklahoma",33409,5786
1400000US40035373500,40035373500,"Census Tract 3735, Craig County, Oklahoma",47534,7437
1400000US40037020101,40037020101,"Census Tract 201.01, Creek County, Oklahoma",52031,5881
1400000US40037020102,40037020102,"Census Tract 201.02, Creek County, Oklahoma",41989,7270
1400000US40037020103,40037020103,"Census Tract 201.03, Creek County, Oklahoma",76607,11602
1400000US40037020601,40037020601,"Census Tract 206.01, Creek County, Oklahoma",47216,9395
1400000US40037020602,40037020602,"Census Tract 206.02, Creek County, Oklahoma",40802,4589
1400000US40037020702,40037020702,"Census Tract 207.02, Creek County, Oklahoma",47891,15409
1400000US40037020704,40037020704,"Census Tract 207.04, Creek County, Oklahoma",39508,3081
1400000US40037020705,40037020705,"Census Tract 207.05, Creek County, Oklahoma",50865,6861
1400000US40037020706,40037020706,"Census Tract 207.06, Creek County, Oklahoma",48233,6684
1400000US40037020707,40037020707,"Census Tract 207.07, Creek County, Oklahoma",53672,7041
1400000US40037020800,40037020800,"Census Tract 208, Creek County, Oklahoma",34189,3213
1400000US40037020900,40037020900,"Census Tract 209, Creek County, Oklahoma",36440,5299
1400000US40037021000,40037021000,"Census Tract 210, Creek County, Oklahoma",29788,4336
1400000US40037021101,40037021101,"Census Tract 211.01, Creek County, Oklahoma",41284,1853
1400000US40037021102,40037021102,"Census Tract 211.02, Creek County, Oklahoma",36267,3466
1400000US40037021201,40037021201,"Census Tract 212.01, Creek County, Oklahoma",64458,5538
1400000US40037021202,40037021202,"Census Tract 212.02, Creek County, Oklahoma",41964,7920
1400000US40037021300,40037021300,"Census Tract 213, Creek County, Oklahoma",28603,4226
1400000US40037021400,40037021400,"Census Tract 214, Creek County, Oklahoma",50071,6750
1400000US40037021500,40037021500,"Census Tract 215, Creek County, Oklahoma",51767,3010
1400000US40037021600,40037021600,"Census Tract 216, Creek County, Oklahoma",48598,6707
1400000US40039950800,40039950800,"Census Tract 9508, Custer County, Oklahoma",36017,6452
1400000US40039960400,40039960400,"Census Tract 9604, Custer County, Oklahoma",54268,12310
1400000US40039960600,40039960600,"Census Tract 9606, Custer County, Oklahoma",27154,6905
1400000US40039960700,40039960700,"Census Tract 9607, Custer County, Oklahoma",52838,7563
1400000US40039961000,40039961000,"Census Tract 9610, Custer County, Oklahoma",43571,6267
1400000US40041375601,40041375601,"Census Tract 3756.01, Delaware County, Oklahoma",45750,13422
1400000US40041375602,40041375602,"Census Tract 3756.02, Delaware County, Oklahoma",42634,2742
1400000US40041375700,40041375700,"Census Tract 3757, Delaware County, Oklahoma",34157,5101
1400000US40041375801,40041375801,"Census Tract 3758.01, Delaware County, Oklahoma",37351,4686
1400000US40041375802,40041375802,"Census Tract 3758.02, Delaware County, Oklahoma",43315,9449
1400000US40041375900,40041375900,"Census Tract 3759, Delaware County, Oklahoma",33814,6219
1400000US40041376000,40041376000,"Census Tract 3760, Delaware County, Oklahoma",31191,3337
1400000US40041376100,40041376100,"Census Tract 3761, Delaware County, Oklahoma",38099,2782
1400000US40041976200,40041976200,"Census Tract 9762, Delaware County, Oklahoma",33114,3613
1400000US40043959100,40043959100,"Census Tract 9591, Dewey County, Oklahoma",49336,10309
1400000US40043959200,40043959200,"Census Tract 9592, Dewey County, Oklahoma",44236,4519
1400000US40043959300,40043959300,"Census Tract 9593, Dewey County, Oklahoma",55313,6415
1400000US40045952600,40045952600,"Census Tract 9526, Ellis County, Oklahoma",49679,3820
1400000US40045952800,40045952800,"Census Tract 9528, Ellis County, Oklahoma",51528,8700
1400000US40047000100,40047000100,"Census Tract 1, Garfield County, Oklahoma",36714,4391
1400000US40047000200,40047000200,"Census Tract 2, Garfield County, Oklahoma",49188,9776
1400000US40047000600,40047000600,"Census Tract 6, Garfield County, Oklahoma",37435,7638
1400000US40047000700,40047000700,"Census Tract 7, Garfield County, Oklahoma",31865,3829
1400000US40047001100,40047001100,"Census Tract 11, Garfield County, Oklahoma",62675,6075
1400000US40047001200,40047001200,"Census Tract 12, Garfield County, Oklahoma",47663,4352
1400000US40047001300,40047001300,"Census Tract 13, Garfield County, Oklahoma",69100,11613
1400000US40047001401,40047001401,"Census Tract 14.01, Garfield County, Oklahoma",44528,5782
1400000US40047001402,40047001402,"Census Tract 14.02, Garfield County, Oklahoma",56903,4544
1400000US40047001500,40047001500,"Census Tract 15, Garfield County, Oklahoma",36703,5564
1400000US40047001601,40047001601,"Census Tract 16.01, Garfield County, Oklahoma",50651,11655
1400000US40047001602,40047001602,"Census Tract 16.02, Garfield County, Oklahoma",56060,3618
1400000US40049681100,40049681100,"Census Tract 6811, Garvin County, Oklahoma",30329,6884
1400000US40049681200,40049681200,"Census Tract 6812, Garvin County, Oklahoma",46089,5334
1400000US40049681300,40049681300,"Census Tract 6813, Garvin County, Oklahoma",34020,3694
1400000US40049681400,40049681400,"Census Tract 6814, Garvin County, Oklahoma",39956,4891
1400000US40049681500,40049681500,"Census Tract 6815, Garvin County, Oklahoma",35792,6789
1400000US40049681600,40049681600,"Census Tract 6816, Garvin County, Oklahoma",35500,6332
1400000US40049681700,40049681700,"Census Tract 6817, Garvin County, Oklahoma",55573,8917
1400000US40049681800,40049681800,"Census Tract 6818, Garvin County, Oklahoma",35600,8474
1400000US40049681900,40049681900,"Census Tract 6819, Garvin County, Oklahoma",41467,3409
1400000US40051000100,40051000100,"Census Tract 1, Grady County, Oklahoma",23836,2265
1400000US40051000400,40051000400,"Census Tract 4, Grady County, Oklahoma",33261,8547
1400000US40051000500,40051000500,"Census Tract 5, Grady County, Oklahoma",48171,9659
1400000US40051000600,40051000600,"Census Tract 6, Grady County, Oklahoma",49297,4329
1400000US40051000700,40051000700,"Census Tract 7, Grady County, Oklahoma",41458,5333
1400000US40051000800,40051000800,"Census Tract 8, Grady County, Oklahoma",65161,9601
1400000US40051000901,40051000901,"Census Tract 9.01, Grady County, Oklahoma",52734,3876
1400000US40051000902,40051000902,"Census Tract 9.02, Grady County, Oklahoma",54057,4777
1400000US40051000903,40051000903,"Census Tract 9.03, Grady County, Oklahoma",68008,7559
1400000US40051001000,40051001000,"Census Tract 10, Grady County, Oklahoma",37614,6164
1400000US40053956400,40053956400,"Census Tract 9564, Grant County, Oklahoma",48350,5711
1400000US40053956500,40053956500,"Census Tract 9565, Grant County, Oklahoma",48342,2767
1400000US40055967100,40055967100,"Census Tract 9671, Greer County, Oklahoma",40515,3711
1400000US40055967200,40055967200,"Census Tract 9672, Greer County, Oklahoma",41344,7894
1400000US40057967800,40057967800,"Census Tract 9678, Harmon County, Oklahoma",31285,4090
1400000US40059952100,40059952100,"Census Tract 9521, Harper County, Oklahoma",42200,6050
1400000US40059952200,40059952200,"Census Tract 9522, Harper County, Oklahoma",52250,5628
1400000US40061279100,40061279100,"Census Tract 2791, Haskell County, Oklahoma",33889,6224
1400000US40061279200,40061279200,"Census Tract 2792, Haskell County, Oklahoma",33685,2735
1400000US40061279300,40061279300,"Census Tract 2793, Haskell County, Oklahoma",36220,4448
1400000US40061279400,40061279400,"Census Tract 2794, Haskell County, Oklahoma",42891,5425
1400000US40063484600,40063484600,"Census Tract 4846, Hughes County, Oklahoma",31736,4261
1400000US40063484700,40063484700,"Census Tract 4847, Hughes County, Oklahoma",49583,7048
1400000US40063484800,40063484800,"Census Tract 4848, Hughes County, Oklahoma",27188,4223
1400000US40063484900,40063484900,"Census Tract 4849, Hughes County, Oklahoma",29864,4877
1400000US40063485000,40063485000,"Census Tract 4850, Hughes County, Oklahoma",40938,5399
1400000US40065968100,40065968100,"Census Tract 9681, Jackson County, Oklahoma",56700,10468
1400000US40065968200,40065968200,"Census Tract 9682, Jackson County, Oklahoma",48875,6135
1400000US40065968300,40065968300,"Census Tract 9683, Jackson County, Oklahoma",36522,3303
1400000US40065968400,40065968400,"Census Tract 9684, Jackson County, Oklahoma",59485,6678
1400000US40065968500,40065968500,"Census Tract 9685, Jackson County, Oklahoma",53409,7950
1400000US40065968600,40065968600,"Census Tract 9686, Jackson County, Oklahoma",32006,5962
1400000US40065968700,40065968700,"Census Tract 9687, Jackson County, Oklahoma",22031,8925
1400000US40065968800,40065968800,"Census Tract 9688, Jackson County, Oklahoma",33259,7268
1400000US40067371600,40067371600,"Census Tract 3716, Jefferson County, Oklahoma",39286,4476
1400000US40067371700,40067371700,"Census Tract 3717, Jefferson County, Oklahoma",34696,3204
1400000US40067371800,40067371800,"Census Tract 3718, Jefferson County, Oklahoma",30588,3224
1400000US40069660198,40069660198,"Census Tract 6601.98, Johnston County, Oklahoma",47361,4882
1400000US40069660200,40069660200,"Census Tract 6602, Johnston County, Oklahoma",31663,2662
1400000US40069660300,40069660300,"Census Tract 6603, Johnston County, Oklahoma",40298,2751
1400000US40071000100,40071000100,"Census Tract 1, Kay County, Oklahoma",35955,2289
1400000US40071000201,40071000201,"Census Tract 2.01, Kay County, Oklahoma",44226,5109
1400000US40071000202,40071000202,"Census Tract 2.02, Kay County, Oklahoma",40590,4181
1400000US40071000300,40071000300,"Census Tract 3, Kay County, Oklahoma",57094,5427
1400000US40071000400,40071000400,"Census Tract 4, Kay County, Oklahoma",25759,1844
1400000US40071000500,40071000500,"Census Tract 5, Kay County, Oklahoma",34375,3341
1400000US40071000600,40071000600,"Census Tract 6, Kay County, Oklahoma",57198,4004
1400000US40071001100,40071001100,"Census Tract 11, Kay County, Oklahoma",41969,2693
1400000US40071001200,40071001200,"Census Tract 12, Kay County, Oklahoma",42747,1834
1400000US40071001301,40071001301,"Census Tract 13.01, Kay County, Oklahoma",36480,5899
1400000US40071001302,40071001302,"Census Tract 13.02, Kay County, Oklahoma",44650,2839
1400000US40073958100,40073958100,"Census Tract 9581, Kingfisher County, Oklahoma",55119,7217
1400000US40073958200,40073958200,"Census Tract 9582, Kingfisher County, Oklahoma",64821,10864
1400000US40073958300,40073958300,"Census Tract 9583, Kingfisher County, Oklahoma",56800,8289
1400000US40073958400,40073958400,"Census Tract 9584, Kingfisher County, Oklahoma",66810,6852
1400000US40075963600,40075963600,"Census Tract 9636, Kiowa County, Oklahoma",39926,7839
1400000US40075963700,40075963700,"Census Tract 9637, Kiowa County, Oklahoma",38238,4452
1400000US40075964200,40075964200,"Census Tract 9642, Kiowa County, Oklahoma",35929,2860
1400000US40077087100,40077087100,"Census Tract 871, Latimer County, Oklahoma",49053,4761
1400000US40077087200,40077087200,"Census Tract 872, Latimer County, Oklahoma",38307,2521
1400000US40077087300,40077087300,"Census Tract 873, Latimer County, Oklahoma",34676,6913
1400000US40079040102,40079040102,"Census Tract 401.02, Le Flore County, Oklahoma",38333,3263
1400000US40079040198,40079040198,"Census Tract 401.98, Le Flore County, Oklahoma",25286,3349
1400000US40079040299,40079040299,"Census Tract 402.99, Le Flore County, Oklahoma",35000,4193
1400000US40079040301,40079040301,"Census Tract 403.01, Le Flore County, Oklahoma",37875,2727
1400000US40079040302,40079040302,"Census Tract 403.02, Le Flore County, Oklahoma",40449,6844
1400000US40079040303,40079040303,"Census Tract 403.03, Le Flore County, Oklahoma",40308,10303
1400000US40079040401,40079040401,"Census Tract 404.01, Le Flore County, Oklahoma",39398,4404
1400000US40079040402,40079040402,"Census Tract 404.02, Le Flore County, Oklahoma",35688,8589
1400000US40079040500,40079040500,"Census Tract 405, Le Flore County, Oklahoma",40572,4389
1400000US40079040601,40079040601,"Census Tract 406.01, Le Flore County, Oklahoma",31386,1725
1400000US40079040602,40079040602,"Census Tract 406.02, Le Flore County, Oklahoma",35162,2516
1400000US40079040700,40079040700,"Census Tract 407, Le Flore County, Oklahoma",30500,3749
1400000US40081961100,40081961100,"Census Tract 9611, Lincoln County, Oklahoma",35737,5780
1400000US40081961200,40081961200,"Census Tract 9612, Lincoln County, Oklahoma",42041,3633
1400000US40081961300,40081961300,"Census Tract 9613, Lincoln County, Oklahoma",47880,4397
1400000US40081961400,40081961400,"Census Tract 9614, Lincoln County, Oklahoma",45533,3139
1400000US40081961500,40081961500,"Census Tract 9615, Lincoln County, Oklahoma",48333,7471
1400000US40081961600,40081961600,"Census Tract 9616, Lincoln County, Oklahoma",43824,5571
1400000US40081961700,40081961700,"Census Tract 9617, Lincoln County, Oklahoma",40146,4500
1400000US40083600100,40083600100,"Census Tract 6001, Logan County, Oklahoma",36948,3787
1400000US40083600200,40083600200,"Census Tract 6002, Logan County, Oklahoma",42340,7530
1400000US40083600300,40083600300,"Census Tract 6003, Logan County, Oklahoma",42813,11211
1400000US40083600400,40083600400,"Census Tract 6004, Logan County, Oklahoma",78149,7772
1400000US40083600500,40083600500,"Census Tract 6005, Logan County, Oklahoma",60379,9717
1400000US40083600600,40083600600,"Census Tract 6006, Logan County, Oklahoma",41452,5296
1400000US40083600700,40083600700,"Census Tract 6007, Logan County, Oklahoma",40785,8432
1400000US40083600800,40083600800,"Census Tract 6008, Logan County, Oklahoma",83750,12477
1400000US40085094100,40085094100,"Census Tract 941, Love County, Oklahoma",34966,4454
1400000US40085094200,40085094200,"Census Tract 942, Love County, Oklahoma",49330,6402
1400000US40085094300,40085094300,"Census Tract 943, Love County, Oklahoma",55924,7790
1400000US40087400101,40087400101,"Census Tract 4001.01, McClain County, Oklahoma",72978,11207
1400000US40087400102,40087400102,"Census Tract 4001.02, McClain County, Oklahoma",58913,8124
1400000US40087400201,40087400201,"Census Tract 4002.01, McClain County, Oklahoma",52939,4495
1400000US40087400202,40087400202,"Census Tract 4002.02, McClain County, Oklahoma",63883,5531
1400000US40087400300,40087400300,"Census Tract 4003, McClain County, Oklahoma",43765,2696
1400000US40087400400,40087400400,"Census Tract 4004, McClain County, Oklahoma",50455,12117
1400000US40089098200,40089098200,"Census Tract 982, McCurtain County, Oklahoma",33986,3782
1400000US40089098300,40089098300,"Census Tract 983, McCurtain County, Oklahoma",35313,6279
1400000US40089098400,40089098400,"Census Tract 984, McCurtain County, Oklahoma",40213,6971
1400000US40089098500,40089098500,"Census Tract 985, McCurtain County, Oklahoma",39234,4109
1400000US40089098600,40089098600,"Census Tract 986, McCurtain County, Oklahoma",30760,5634
1400000US40089098700,40089098700,"Census Tract 987, McCurtain County, Oklahoma",25625,3471
1400000US40089098800,40089098800,"Census Tract 988, McCurtain County, Oklahoma",32967,4692
1400000US40089098900,40089098900,"Census Tract 989, McCurtain County, Oklahoma",33813,5765
1400000US40091779600,40091779600,"Census Tract 7796, McIntosh County, Oklahoma",42525,8335
1400000US40091779700,40091779700,"Census Tract 7797, McIntosh County, Oklahoma",33388,7352
1400000US40091779900,40091779900,"Census Tract 7799, McIntosh County, Oklahoma",32525,5505
1400000US40091780100,40091780100,"Census Tract 7801, McIntosh County, Oklahoma",42893,6497
1400000US40091780200,40091780200,"Census Tract 7802, McIntosh County, Oklahoma",34534,3946
1400000US40091780300,40091780300,"Census Tract 7803, McIntosh County, Oklahoma",35243,4767
1400000US40093955100,40093955100,"Census Tract 9551, Major County, Oklahoma",58333,5993
1400000US40093955200,40093955200,"Census Tract 9552, Major County, Oklahoma",49352,3668
1400000US40093955300,40093955300,"Census Tract 9553, Major County, Oklahoma",47813,8905
1400000US40095094698,40095094698,"Census Tract 946.98, Marshall County, Oklahoma",39634,6200
1400000US40095094700,40095094700,"Census Tract 947, Marshall County, Oklahoma",39643,4100
1400000US40095094801,40095094801,"Census Tract 948.01, Marshall County, Oklahoma",36750,10389
1400000US40095094802,40095094802,"Census Tract 948.02, Marshall County, Oklahoma",38594,5840
1400000US40097040100,40097040100,"Census Tract 401, Mayes County, Oklahoma",34597,7565
1400000US40097040200,40097040200,"Census Tract 402, Mayes County, Oklahoma",46826,5571
1400000US40097040300,40097040300,"Census Tract 403, Mayes County, Oklahoma",58077,6293
1400000US40097040400,40097040400,"Census Tract 404, Mayes County, Oklahoma",39345,5657
1400000US40097040501,40097040501,"Census Tract 405.01, Mayes County, Oklahoma",45500,16770
1400000US40097040502,40097040502,"Census Tract 405.02, Mayes County, Oklahoma",39046,11719
1400000US40097040600,40097040600,"Census Tract 406, Mayes County, Oklahoma",34107,2285
1400000US40097040700,40097040700,"Census Tract 407, Mayes County, Oklahoma",31927,3442
1400000US40097040800,40097040800,"Census Tract 408, Mayes County, Oklahoma",56724,4584
1400000US40099790600,40099790600,"Census Tract 7906, Murray County, Oklahoma",54914,5907
1400000US40099790700,40099790700,"Census Tract 7907, Murray County, Oklahoma",47481,4386
1400000US40099790800,40099790800,"Census Tract 7908, Murray County, Oklahoma",41350,6715
1400000US40101000100,40101000100,"Census Tract 1, Muskogee County, Oklahoma",27835,4713
1400000US40101000200,40101000200,"Census Tract 2, Muskogee County, Oklahoma",19758,5210
1400000US40101000300,40101000300,"Census Tract 3, Muskogee County, Oklahoma",26357,9367
1400000US40101000400,40101000400,"Census Tract 4, Muskogee County, Oklahoma",18141,3015
1400000US40101000600,40101000600,"Census Tract 6, Muskogee County, Oklahoma",47273,6927
1400000US40101000700,40101000700,"Census Tract 7, Muskogee County, Oklahoma",29912,3380
1400000US40101000801,40101000801,"Census Tract 8.01, Muskogee County, Oklahoma",52198,5188
1400000US40101000802,40101000802,"Census Tract 8.02, Muskogee County, Oklahoma",68542,9976
1400000US40101000900,40101000900,"Census Tract 9, Muskogee County, Oklahoma",41331,5210
1400000US40101001000,40101001000,"Census Tract 10, Muskogee County, Oklahoma",41429,5458
1400000US40101001100,40101001100,"Census Tract 11, Muskogee County, Oklahoma",43534,7144
1400000US40101001200,40101001200,"Census Tract 12, Muskogee County, Oklahoma",58309,17423
1400000US40101001300,40101001300,"Census Tract 13, Muskogee County, Oklahoma",50165,8791
1400000US40101001400,40101001400,"Census Tract 14, Muskogee County, Oklahoma",49367,6863
1400000US40101001500,40101001500,"Census Tract 15, Muskogee County, Oklahoma",35566,3578
1400000US40101001600,40101001600,"Census Tract 16, Muskogee County, Oklahoma",44306,5856
1400000US40103956600,40103956600,"Census Tract 9566, Noble County, Oklahoma",49167,5129
1400000US40103956900,40103956900,"Census Tract 9569, Noble County, Oklahoma",42432,7264
1400000US40103957000,40103957000,"Census Tract 9570, Noble County, Oklahoma",32059,7318
1400000US40103957100,40103957100,"Census Tract 9571, Noble County, Oklahoma",60531,14568
1400000US40105172100,40105172100,"Census Tract 1721, Nowata County, Oklahoma",45050,3233
1400000US40105172200,40105172200,"Census Tract 1722, Nowata County, Oklahoma",38646,6400
1400000US40105172300,40105172300,"Census Tract 1723, Nowata County, Oklahoma",42278,11301
1400000US40105172400,40105172400,"Census Tract 1724, Nowata County, Oklahoma",35663,5787
1400000US40107080600,40107080600,"Census Tract 806, Okfuskee County, Oklahoma",43750,5712
1400000US40107080700,40107080700,"Census Tract 807, Okfuskee County, Oklahoma",37026,3927
1400000US40107080900,40107080900,"Census Tract 809, Okfuskee County, Oklahoma",29375,5205
1400000US40107081000,40107081000,"Census Tract 810, Okfuskee County, Oklahoma",33289,6178
1400000US40109100100,40109100100,"Census Tract 1001, Oklahoma County, Oklahoma",39429,9220
1400000US40109100200,40109100200,"Census Tract 1002, Oklahoma County, Oklahoma",30532,4789
1400000US40109100300,40109100300,"Census Tract 1003, Oklahoma County, Oklahoma",76111,19221
1400000US40109100400,40109100400,"Census Tract 1004, Oklahoma County, Oklahoma",21590,3632
1400000US40109100500,40109100500,"Census Tract 1005, Oklahoma County, Oklahoma",22904,3404
1400000US40109100600,40109100600,"Census Tract 1006, Oklahoma County, Oklahoma",74750,15286
1400000US40109100700,40109100700,"Census Tract 1007, Oklahoma County, Oklahoma",44583,9713
1400000US40109100800,40109100800,"Census Tract 1008, Oklahoma County, Oklahoma",35033,6623
1400000US40109100900,40109100900,"Census Tract 1009, Oklahoma County, Oklahoma",56667,16068
1400000US40109101000,40109101000,"Census Tract 1010, Oklahoma County, Oklahoma",25513,4571
1400000US40109101100,40109101100,"Census Tract 1011, Oklahoma County, Oklahoma",27250,5372
1400000US40109101200,40109101200,"Census Tract 1012, Oklahoma County, Oklahoma",36435,5353
1400000US40109101300,40109101300,"Census Tract 1013, Oklahoma County, Oklahoma",23939,6645
1400000US40109101400,40109101400,"Census Tract 1014, Oklahoma County, Oklahoma",21630,5939
1400000US40109101500,40109101500,"Census Tract 1015, Oklahoma County, Oklahoma",30766,4557
1400000US40109101600,40109101600,"Census Tract 1016, Oklahoma County, Oklahoma",50069,6519
1400000US40109101700,40109101700,"Census Tract 1017, Oklahoma County, Oklahoma",131750,37679
1400000US40109101800,40109101800,"Census Tract 1018, Oklahoma County, Oklahoma",53007,3713
1400000US40109101900,40109101900,"Census Tract 1019, Oklahoma County, Oklahoma",58721,7278
1400000US40109102000,40109102000,"Census Tract 1020, Oklahoma County, Oklahoma",36147,3757
1400000US40109102100,40109102100,"Census Tract 1021, Oklahoma County, Oklahoma",49688,16026
1400000US40109102200,40109102200,"Census Tract 1022, Oklahoma County, Oklahoma",35565,7898
1400000US40109102300,40109102300,"Census Tract 1023, Oklahoma County, Oklahoma",29986,6676
1400000US40109102400,40109102400,"Census Tract 1024, Oklahoma County, Oklahoma",31415,2924
1400000US40109102500,40109102500,"Census Tract 1025, Oklahoma County, Oklahoma",14205,4581
1400000US40109102600,40109102600,"Census Tract 1026, Oklahoma County, Oklahoma",9250,12366
1400000US40109102700,40109102700,"Census Tract 1027, Oklahoma County, Oklahoma",9583,15158
1400000US40109102800,40109102800,"Census Tract 1028, Oklahoma County, Oklahoma",15746,1863
1400000US40109102900,40109102900,"Census Tract 1029, Oklahoma County, Oklahoma",42596,17410
1400000US40109103000,40109103000,"Census Tract 1030, Oklahoma County, Oklahoma",32206,3437
1400000US40109103200,40109103200,"Census Tract 1032, Oklahoma County, Oklahoma",46442,10890
1400000US40109103300,40109103300,"Census Tract 1033, Oklahoma County, Oklahoma",24817,6415
1400000US40109103400,40109103400,"Census Tract 1034, Oklahoma County, Oklahoma",25438,5956
1400000US40109103500,40109103500,"Census Tract 1035, Oklahoma County, Oklahoma",26765,13833
1400000US40109103601,40109103601,"Census Tract 1036.01, Oklahoma County, Oklahoma",68750,7694
1400000US40109103602,40109103602,"Census Tract 1036.02, Oklahoma County, Oklahoma",26944,49935
1400000US40109103700,40109103700,"Census Tract 1037, Oklahoma County, Oklahoma",30380,11436
1400000US40109103800,40109103800,"Census Tract 1038, Oklahoma County, Oklahoma",73077,13042
1400000US40109103900,40109103900,"Census Tract 1039, Oklahoma County, Oklahoma",27212,6929
1400000US40109104000,40109104000,"Census Tract 1040, Oklahoma County, Oklahoma",25865,17419
1400000US40109104100,40109104100,"Census Tract 1041, Oklahoma County, Oklahoma",22934,9835
1400000US40109104200,40109104200,"Census Tract 1042, Oklahoma County, Oklahoma",27679,4857
1400000US40109104300,40109104300,"Census Tract 1043, Oklahoma County, Oklahoma",24665,8802
1400000US40109104400,40109104400,"Census Tract 1044, Oklahoma County, Oklahoma",27500,3956
1400000US40109104500,40109104500,"Census Tract 1045, Oklahoma County, Oklahoma",31847,3677
1400000US40109104600,40109104600,"Census Tract 1046, Oklahoma County, Oklahoma",32821,9373
1400000US40109104700,40109104700,"Census Tract 1047, Oklahoma County, Oklahoma",13958,2112
1400000US40109104800,40109104800,"Census Tract 1048, Oklahoma County, Oklahoma",29232,2395
1400000US40109104900,40109104900,"Census Tract 1049, Oklahoma County, Oklahoma",27558,7793
1400000US40109105000,40109105000,"Census Tract 1050, Oklahoma County, Oklahoma",33537,5225
1400000US40109105100,40109105100,"Census Tract 1051, Oklahoma County, Oklahoma",44054,4916
1400000US40109105201,40109105201,"Census Tract 1052.01, Oklahoma County, Oklahoma",20156,6847
1400000US40109105202,40109105202,"Census Tract 1052.02, Oklahoma County, Oklahoma",21953,5624
1400000US40109105300,40109105300,"Census Tract 1053, Oklahoma County, Oklahoma",25747,2416
1400000US40109105400,40109105400,"Census Tract 1054, Oklahoma County, Oklahoma",32273,4265
1400000US40109105500,40109105500,"Census Tract 1055, Oklahoma County, Oklahoma",33649,4575
1400000US40109105600,40109105600,"Census Tract 1056, Oklahoma County, Oklahoma",30123,2808
1400000US40109105700,40109105700,"Census Tract 1057, Oklahoma County, Oklahoma",23798,6708
1400000US40109105800,40109105800,"Census Tract 1058, Oklahoma County, Oklahoma",14773,7106
1400000US40109105903,40109105903,"Census Tract 1059.03, Oklahoma County, Oklahoma",36331,3625
1400000US40109105904,40109105904,"Census Tract 1059.04, Oklahoma County, Oklahoma",40921,3600
1400000US40109105905,40109105905,"Census Tract 1059.05, Oklahoma County, Oklahoma",36713,7166
1400000US40109105906,40109105906,"Census Tract 1059.06, Oklahoma County, Oklahoma",39767,3619
1400000US40109105907,40109105907,"Census Tract 1059.07, Oklahoma County, Oklahoma",31445,3719
1400000US40109106000,40109106000,"Census Tract 1060, Oklahoma County, Oklahoma",59241,8404
1400000US40109106100,40109106100,"Census Tract 1061, Oklahoma County, Oklahoma",37500,10219
1400000US40109106200,40109106200,"Census Tract 1062, Oklahoma County, Oklahoma",48661,9950
1400000US40109106301,40109106301,"Census Tract 1063.01, Oklahoma County, Oklahoma",24630,6875
1400000US40109106302,40109106302,"Census Tract 1063.02, Oklahoma County, Oklahoma",30054,4947
1400000US40109106303,40109106303,"Census Tract 1063.03, Oklahoma County, Oklahoma",43800,12241
1400000US40109106401,40109106401,"Census Tract 1064.01, Oklahoma County, Oklahoma",143438,36311
1400000US40109106402,40109106402,"Census Tract 1064.02, Oklahoma County, Oklahoma",86106,20718
1400000US40109106403,40109106403,"Census Tract 1064.03, Oklahoma County, Oklahoma",49844,12124
1400000US40109106501,40109106501,"Census Tract 1065.01, Oklahoma County, Oklahoma",64318,6423
1400000US40109106502,40109106502,"Census Tract 1065.02, Oklahoma County, Oklahoma",44846,3904
1400000US40109106503,40109106503,"Census Tract 1065.03, Oklahoma County, Oklahoma",54500,29442
1400000US40109106601,40109106601,"Census Tract 1066.01, Oklahoma County, Oklahoma",39702,5417
1400000US40109106602,40109106602,"Census Tract 1066.02, Oklahoma County, Oklahoma",37700,5845
1400000US40109106604,40109106604,"Census Tract 1066.04, Oklahoma County, Oklahoma",29350,7409
1400000US40109106606,40109106606,"Census Tract 1066.06, Oklahoma County, Oklahoma",49875,8040
1400000US40109106607,40109106607,"Census Tract 1066.07, Oklahoma County, Oklahoma",39493,9052
1400000US40109106608,40109106608,"Census Tract 1066.08, Oklahoma County, Oklahoma",64712,6617
1400000US40109106609,40109106609,"Census Tract 1066.09, Oklahoma County, Oklahoma",67188,8514
1400000US40109106610,40109106610,"Census Tract 1066.10, Oklahoma County, Oklahoma",45857,7496
1400000US40109106702,40109106702,"Census Tract 1067.02, Oklahoma County, Oklahoma",39351,6260
1400000US40109106704,40109106704,"Census Tract 1067.04, Oklahoma County, Oklahoma",42361,6706
1400000US40109106705,40109106705,"Census Tract 1067.05, Oklahoma County, Oklahoma",44773,8976
1400000US40109106706,40109106706,"Census Tract 1067.06, Oklahoma County, Oklahoma",43556,6844
1400000US40109106707,40109106707,"Census Tract 1067.07, Oklahoma County, Oklahoma",31078,4287
1400000US40109106708,40109106708,"Census Tract 1067.08, Oklahoma County, Oklahoma",95801,9271
1400000US40109106801,40109106801,"Census Tract 1068.01, Oklahoma County, Oklahoma",27961,4285
1400000US40109106802,40109106802,"Census Tract 1068.02, Oklahoma County, Oklahoma",48542,9739
1400000US40109106803,40109106803,"Census Tract 1068.03, Oklahoma County, Oklahoma",34081,2999
1400000US40109106804,40109106804,"Census Tract 1068.04, Oklahoma County, Oklahoma",38640,6626
1400000US40109106902,40109106902,"Census Tract 1069.02, Oklahoma County, Oklahoma",48306,5685
1400000US40109106903,40109106903,"Census Tract 1069.03, Oklahoma County, Oklahoma",44347,5204
1400000US40109106906,40109106906,"Census Tract 1069.06, Oklahoma County, Oklahoma",43917,13100
1400000US40109106907,40109106907,"Census Tract 1069.07, Oklahoma County, Oklahoma",43659,5561
1400000US40109106909,40109106909,"Census Tract 1069.09, Oklahoma County, Oklahoma",43494,6373
1400000US40109106910,40109106910,"Census Tract 1069.10, Oklahoma County, Oklahoma",41125,7842
1400000US40109106911,40109106911,"Census Tract 1069.11, Oklahoma County, Oklahoma",51910,7409
1400000US40109106912,40109106912,"Census Tract 1069.12, Oklahoma County, Oklahoma",29565,4065
1400000US40109106913,40109106913,"Census Tract 1069.13, Oklahoma County, Oklahoma",28484,5897
1400000US40109106914,40109106914,"Census Tract 1069.14, Oklahoma County, Oklahoma",35039,7098
1400000US40109106915,40109106915,"Census Tract 1069.15, Oklahoma County, Oklahoma",27917,2806
1400000US40109107001,40109107001,"Census Tract 1070.01, Oklahoma County, Oklahoma",29236,7142
1400000US40109107002,40109107002,"Census Tract 1070.02, Oklahoma County, Oklahoma",34020,4863
1400000US40109107101,40109107101,"Census Tract 1071.01, Oklahoma County, Oklahoma",-,**
1400000US40109107103,40109107103,"Census Tract 1071.03, Oklahoma County, Oklahoma",27337,11400
1400000US40109107104,40109107104,"Census Tract 1071.04, Oklahoma County, Oklahoma",26250,6052
1400000US40109107206,40109107206,"Census Tract 1072.06, Oklahoma County, Oklahoma",38388,3276
1400000US40109107207,40109107207,"Census Tract 1072.07, Oklahoma County, Oklahoma",41096,3588
1400000US40109107209,40109107209,"Census Tract 1072.09, Oklahoma County, Oklahoma",32078,4905
1400000US40109107210,40109107210,"Census Tract 1072.10, Oklahoma County, Oklahoma",52333,11646
1400000US40109107211,40109107211,"Census Tract 1072.11, Oklahoma County, Oklahoma",55000,9096
1400000US40109107212,40109107212,"Census Tract 1072.12, Oklahoma County, Oklahoma",35250,4156
1400000US40109107213,40109107213,"Census Tract 1072.13, Oklahoma County, Oklahoma",34272,3109
1400000US40109107214,40109107214,"Census Tract 1072.14, Oklahoma County, Oklahoma",44742,6180
1400000US40109107215,40109107215,"Census Tract 1072.15, Oklahoma County, Oklahoma",38806,3997
1400000US40109107216,40109107216,"Census Tract 1072.16, Oklahoma County, Oklahoma",22154,4529
1400000US40109107217,40109107217,"Census Tract 1072.17, Oklahoma County, Oklahoma",36000,7213
1400000US40109107218,40109107218,"Census Tract 1072.18, Oklahoma County, Oklahoma",21907,2862
1400000US40109107219,40109107219,"Census Tract 1072.19, Oklahoma County, Oklahoma",36462,4579
1400000US40109107220,40109107220,"Census Tract 1072.20, Oklahoma County, Oklahoma",30290,7394
1400000US40109107221,40109107221,"Census Tract 1072.21, Oklahoma County, Oklahoma",44665,2669
1400000US40109107222,40109107222,"Census Tract 1072.22, Oklahoma County, Oklahoma",35729,6714
1400000US40109107223,40109107223,"Census Tract 1072.23, Oklahoma County, Oklahoma",30395,6282
1400000US40109107302,40109107302,"Census Tract 1073.02, Oklahoma County, Oklahoma",28340,4161
1400000US40109107303,40109107303,"Census Tract 1073.03, Oklahoma County, Oklahoma",34219,6102
1400000US40109107305,40109107305,"Census Tract 1073.05, Oklahoma County, Oklahoma",20833,5559
1400000US40109107306,40109107306,"Census Tract 1073.06, Oklahoma County, Oklahoma",27212,10083
1400000US40109107401,40109107401,"Census Tract 1074.01, Oklahoma County, Oklahoma",34201,4989
1400000US40109107403,40109107403,"Census Tract 1074.03, Oklahoma County, Oklahoma",66380,13287
1400000US40109107404,40109107404,"Census Tract 1074.04, Oklahoma County, Oklahoma",40179,18983
1400000US40109107405,40109107405,"Census Tract 1074.05, Oklahoma County, Oklahoma",66622,8973
1400000US40109107500,40109107500,"Census Tract 1075, Oklahoma County, Oklahoma",48083,8600
1400000US40109107601,40109107601,"Census Tract 1076.01, Oklahoma County, Oklahoma",29643,7555
1400000US40109107604,40109107604,"Census Tract 1076.04, Oklahoma County, Oklahoma",41029,2020
1400000US40109107605,40109107605,"Census Tract 1076.05, Oklahoma County, Oklahoma",34706,5824
1400000US40109107606,40109107606,"Census Tract 1076.06, Oklahoma County, Oklahoma",37794,8165
1400000US40109107607,40109107607,"Census Tract 1076.07, Oklahoma County, Oklahoma",55478,11182
1400000US40109107703,40109107703,"Census Tract 1077.03, Oklahoma County, Oklahoma",53223,9479
1400000US40109107704,40109107704,"Census Tract 1077.04, Oklahoma County, Oklahoma",45250,7270
1400000US40109107705,40109107705,"Census Tract 1077.05, Oklahoma County, Oklahoma",43111,5132
1400000US40109107706,40109107706,"Census Tract 1077.06, Oklahoma County, Oklahoma",40721,6211
1400000US40109107707,40109107707,"Census Tract 1077.07, Oklahoma County, Oklahoma",45469,6873
1400000US40109107801,40109107801,"Census Tract 1078.01, Oklahoma County, Oklahoma",37944,11441
1400000US40109107804,40109107804,"Census Tract 1078.04, Oklahoma County, Oklahoma",38718,6356
1400000US40109107805,40109107805,"Census Tract 1078.05, Oklahoma County, Oklahoma",43897,7733
1400000US40109107806,40109107806,"Census Tract 1078.06, Oklahoma County, Oklahoma",37451,8468
1400000US40109107807,40109107807,"Census Tract 1078.07, Oklahoma County, Oklahoma",47045,7928
1400000US40109107808,40109107808,"Census Tract 1078.08, Oklahoma County, Oklahoma",41583,11156
1400000US40109107809,40109107809,"Census Tract 1078.09, Oklahoma County, Oklahoma",39212,3877
1400000US40109107810,40109107810,"Census Tract 1078.10, Oklahoma County, Oklahoma",41415,6385
1400000US40109107900,40109107900,"Census Tract 1079, Oklahoma County, Oklahoma",23681,4682
1400000US40109108003,40109108003,"Census Tract 1080.03, Oklahoma County, Oklahoma",27303,3431
1400000US40109108005,40109108005,"Census Tract 1080.05, Oklahoma County, Oklahoma",36250,10178
1400000US40109108006,40109108006,"Census Tract 1080.06, Oklahoma County, Oklahoma",48766,4043
1400000US40109108007,40109108007,"Census Tract 1080.07, Oklahoma County, Oklahoma",47036,3382
1400000US40109108008,40109108008,"Census Tract 1080.08, Oklahoma County, Oklahoma",35545,3355
1400000US40109108009,40109108009,"Census Tract 1080.09, Oklahoma County, Oklahoma",54006,8576
1400000US40109108010,40109108010,"Census Tract 1080.10, Oklahoma County, Oklahoma",30573,5437
1400000US40109108011,40109108011,"Census Tract 1080.11, Oklahoma County, Oklahoma",29693,4232
1400000US40109108101,40109108101,"Census Tract 1081.01, Oklahoma County, Oklahoma",137105,25120
1400000US40109108106,40109108106,"Census Tract 1081.06, Oklahoma County, Oklahoma",126205,5071
1400000US40109108107,40109108107,"Census Tract 1081.07, Oklahoma County, Oklahoma",133750,32002
1400000US40109108109,40109108109,"Census Tract 1081.09, Oklahoma County, Oklahoma",101875,6204
1400000US40109108110,40109108110,"Census Tract 1081.10, Oklahoma County, Oklahoma",86667,19919
1400000US40109108113,40109108113,"Census Tract 1081.13, Oklahoma County, Oklahoma",57272,4511
1400000US40109108114,40109108114,"Census Tract 1081.14, Oklahoma County, Oklahoma",58375,14544
1400000US40109108201,40109108201,"Census Tract 1082.01, Oklahoma County, Oklahoma",46978,7716
1400000US40109108203,40109108203,"Census Tract 1082.03, Oklahoma County, Oklahoma",45000,10081
1400000US40109108204,40109108204,"Census Tract 1082.04, Oklahoma County, Oklahoma",32193,6924
1400000US40109108206,40109108206,"Census Tract 1082.06, Oklahoma County, Oklahoma",119107,12822
1400000US40109108207,40109108207,"Census Tract 1082.07, Oklahoma County, Oklahoma",21364,9347
1400000US40109108208,40109108208,"Census Tract 1082.08, Oklahoma County, Oklahoma",22974,3973
1400000US40109108213,40109108213,"Census Tract 1082.13, Oklahoma County, Oklahoma",125768,8334
1400000US40109108215,40109108215,"Census Tract 1082.15, Oklahoma County, Oklahoma",82670,11866
1400000US40109108216,40109108216,"Census Tract 1082.16, Oklahoma County, Oklahoma",57969,8886
1400000US40109108217,40109108217,"Census Tract 1082.17, Oklahoma County, Oklahoma",71056,8482
1400000US40109108218,40109108218,"Census Tract 1082.18, Oklahoma County, Oklahoma",97273,13246
1400000US40109108219,40109108219,"Census Tract 1082.19, Oklahoma County, Oklahoma",88396,4708
1400000US40109108220,40109108220,"Census Tract 1082.20, Oklahoma County, Oklahoma",76000,7428
1400000US40109108221,40109108221,"Census Tract 1082.21, Oklahoma County, Oklahoma",104271,14607
1400000US40109108301,40109108301,"Census Tract 1083.01, Oklahoma County, Oklahoma",37813,6387
1400000US40109108302,40109108302,"Census Tract 1083.02, Oklahoma County, Oklahoma",60176,4365
1400000US40109108303,40109108303,"Census Tract 1083.03, Oklahoma County, Oklahoma",45278,12927
1400000US40109108304,40109108304,"Census Tract 1083.04, Oklahoma County, Oklahoma",61250,7077
1400000US40109108307,40109108307,"Census Tract 1083.07, Oklahoma County, Oklahoma",51385,6564
1400000US40109108309,40109108309,"Census Tract 1083.09, Oklahoma County, Oklahoma",33021,9514
1400000US40109108310,40109108310,"Census Tract 1083.10, Oklahoma County, Oklahoma",36586,2893
1400000US40109108313,40109108313,"Census Tract 1083.13, Oklahoma County, Oklahoma",29692,4670
1400000US40109108314,40109108314,"Census Tract 1083.14, Oklahoma County, Oklahoma",31566,2574
1400000US40109108315,40109108315,"Census Tract 1083.15, Oklahoma County, Oklahoma",59332,13148
1400000US40109108316,40109108316,"Census Tract 1083.16, Oklahoma County, Oklahoma",83487,13411
1400000US40109108317,40109108317,"Census Tract 1083.17, Oklahoma County, Oklahoma",66276,8348
1400000US40109108318,40109108318,"Census Tract 1083.18, Oklahoma County, Oklahoma",80074,16339
1400000US40109108402,40109108402,"Census Tract 1084.02, Oklahoma County, Oklahoma",60833,5763
1400000US40109108403,40109108403,"Census Tract 1084.03, Oklahoma County, Oklahoma",53460,9162
1400000US40109108404,40109108404,"Census Tract 1084.04, Oklahoma County, Oklahoma",49228,6857
1400000US40109108504,40109108504,"Census Tract 1085.04, Oklahoma County, Oklahoma",60026,12588
1400000US40109108506,40109108506,"Census Tract 1085.06, Oklahoma County, Oklahoma",77743,13428
1400000US40109108507,40109108507,"Census Tract 1085.07, Oklahoma County, Oklahoma",43661,12110
1400000US40109108508,40109108508,"Census Tract 1085.08, Oklahoma County, Oklahoma",60968,6532
1400000US40109108511,40109108511,"Census Tract 1085.11, Oklahoma County, Oklahoma",97404,16883
1400000US40109108512,40109108512,"Census Tract 1085.12, Oklahoma County, Oklahoma",119119,8110
1400000US40109108513,40109108513,"Census Tract 1085.13, Oklahoma County, Oklahoma",63300,7856
1400000US40109108514,40109108514,"Census Tract 1085.14, Oklahoma County, Oklahoma",46673,4259
1400000US40109108515,40109108515,"Census Tract 1085.15, Oklahoma County, Oklahoma",42447,13760
1400000US40109108519,40109108519,"Census Tract 1085.19, Oklahoma County, Oklahoma",54871,7202
1400000US40109108520,40109108520,"Census Tract 1085.20, Oklahoma County, Oklahoma",112039,5385
1400000US40109108521,40109108521,"Census Tract 1085.21, Oklahoma County, Oklahoma",34315,7404
1400000US40109108523,40109108523,"Census Tract 1085.23, Oklahoma County, Oklahoma",78452,6109
1400000US40109108524,40109108524,"Census Tract 1085.24, Oklahoma County, Oklahoma",103622,14009
1400000US40109108525,40109108525,"Census Tract 1085.25, Oklahoma County, Oklahoma",61906,6200
1400000US40109108526,40109108526,"Census Tract 1085.26, Oklahoma County, Oklahoma",54765,7117
1400000US40109108527,40109108527,"Census Tract 1085.27, Oklahoma County, Oklahoma",52917,9635
1400000US40109108528,40109108528,"Census Tract 1085.28, Oklahoma County, Oklahoma",77644,29897
1400000US40109108529,40109108529,"Census Tract 1085.29, Oklahoma County, Oklahoma",133824,21925
1400000US40109108530,40109108530,"Census Tract 1085.30, Oklahoma County, Oklahoma",64250,9545
1400000US40109108601,40109108601,"Census Tract 1086.01, Oklahoma County, Oklahoma",65574,5232
1400000US40109108602,40109108602,"Census Tract 1086.02, Oklahoma County, Oklahoma",33833,12210
1400000US40109108603,40109108603,"Census Tract 1086.03, Oklahoma County, Oklahoma",63309,4550
1400000US40109108701,40109108701,"Census Tract 1087.01, Oklahoma County, Oklahoma",79932,6167
1400000US40109108703,40109108703,"Census Tract 1087.03, Oklahoma County, Oklahoma",80020,9158
1400000US40109108704,40109108704,"Census Tract 1087.04, Oklahoma County, Oklahoma",82097,9759
1400000US40109108706,40109108706,"Census Tract 1087.06, Oklahoma County, Oklahoma",65938,9142
1400000US40109108707,40109108707,"Census Tract 1087.07, Oklahoma County, Oklahoma",71270,3783
1400000US40109108708,40109108708,"Census Tract 1087.08, Oklahoma County, Oklahoma",68100,16740
1400000US40109108709,40109108709,"Census Tract 1087.09, Oklahoma County, Oklahoma",70918,8672
1400000US40109108801,40109108801,"Census Tract 1088.01, Oklahoma County, Oklahoma",47018,5222
1400000US40109108802,40109108802,"Census Tract 1088.02, Oklahoma County, Oklahoma",54899,7067
1400000US40109108803,40109108803,"Census Tract 1088.03, Oklahoma County, Oklahoma",30833,3377
1400000US40109108804,40109108804,"Census Tract 1088.04, Oklahoma County, Oklahoma",44554,12766
1400000US40109108900,40109108900,"Census Tract 1089, Oklahoma County, Oklahoma",48512,4773
1400000US40109109001,40109109001,"Census Tract 1090.01, Oklahoma County, Oklahoma",63355,5428
1400000US40109109003,40109109003,"Census Tract 1090.03, Oklahoma County, Oklahoma",51540,7418
1400000US40109109004,40109109004,"Census Tract 1090.04, Oklahoma County, Oklahoma",57813,7121
1400000US40109109100,40109109100,"Census Tract 1091, Oklahoma County, Oklahoma",8710,1375
1400000US40109109201,40109109201,"Census Tract 1092.01, Oklahoma County, Oklahoma",118393,11724
1400000US40109109202,40109109202,"Census Tract 1092.02, Oklahoma County, Oklahoma",51875,7942
1400000US40111000100,40111000100,"Census Tract 1, Okmulgee County, Oklahoma",25145,3868
1400000US40111000200,40111000200,"Census Tract 2, Okmulgee County, Oklahoma",27188,4750
1400000US40111000300,40111000300,"Census Tract 3, Okmulgee County, Oklahoma",26091,3951
1400000US40111000400,40111000400,"Census Tract 4, Okmulgee County, Oklahoma",40257,8246
1400000US40111000500,40111000500,"Census Tract 5, Okmulgee County, Oklahoma",53750,7412
1400000US40111000600,40111000600,"Census Tract 6, Okmulgee County, Oklahoma",45096,4892
1400000US40111000700,40111000700,"Census Tract 7, Okmulgee County, Oklahoma",44821,7761
1400000US40111000800,40111000800,"Census Tract 8, Okmulgee County, Oklahoma",39632,4260
1400000US40111000901,40111000901,"Census Tract 9.01, Okmulgee County, Oklahoma",44571,11233
1400000US40111000902,40111000902,"Census Tract 9.02, Okmulgee County, Oklahoma",36534,6733
1400000US40113940001,40113940001,"Census Tract 9400.01, Osage County, Oklahoma",41170,5054
1400000US40113940002,40113940002,"Census Tract 9400.02, Osage County, Oklahoma",33476,8593
1400000US40113940003,40113940003,"Census Tract 9400.03, Osage County, Oklahoma",43591,4293
1400000US40113940004,40113940004,"Census Tract 9400.04, Osage County, Oklahoma",50109,9280
1400000US40113940005,40113940005,"Census Tract 9400.05, Osage County, Oklahoma",46964,7104
1400000US40113940006,40113940006,"Census Tract 9400.06, Osage County, Oklahoma",35396,4898
1400000US40113940007,40113940007,"Census Tract 9400.07, Osage County, Oklahoma",58631,5505
1400000US40113940008,40113940008,"Census Tract 9400.08, Osage County, Oklahoma",41786,6031
1400000US40113940009,40113940009,"Census Tract 9400.09, Osage County, Oklahoma",60227,11222
1400000US40113940010,40113940010,"Census Tract 9400.10, Osage County, Oklahoma",50509,7797
1400000US40113940011,40113940011,"Census Tract 9400.11, Osage County, Oklahoma",36467,6804
1400000US40115574100,40115574100,"Census Tract 5741, Ottawa County, Oklahoma",40610,3174
1400000US40115574200,40115574200,"Census Tract 5742, Ottawa County, Oklahoma",27886,2312
1400000US40115574300,40115574300,"Census Tract 5743, Ottawa County, Oklahoma",38343,2579
1400000US40115574400,40115574400,"Census Tract 5744, Ottawa County, Oklahoma",30577,4549
1400000US40115574500,40115574500,"Census Tract 5745, Ottawa County, Oklahoma",23008,2592
1400000US40115574600,40115574600,"Census Tract 5746, Ottawa County, Oklahoma",39167,3294
1400000US40115574700,40115574700,"Census Tract 5747, Ottawa County, Oklahoma",48516,6416
1400000US40115574800,40115574800,"Census Tract 5748, Ottawa County, Oklahoma",36331,2834
1400000US40115574900,40115574900,"Census Tract 5749, Ottawa County, Oklahoma",35445,2099
1400000US40117957100,40117957100,"Census Tract 9571, Pawnee County, Oklahoma",43810,4532
1400000US40117957200,40117957200,"Census Tract 9572, Pawnee County, Oklahoma",50300,8411
1400000US40117957300,40117957300,"Census Tract 9573, Pawnee County, Oklahoma",44000,3644
1400000US40117957400,40117957400,"Census Tract 9574, Pawnee County, Oklahoma",45676,4709
1400000US40117957500,40117957500,"Census Tract 9575, Pawnee County, Oklahoma",37663,5791
1400000US40119010101,40119010101,"Census Tract 101.01, Payne County, Oklahoma",47679,6888
1400000US40119010102,40119010102,"Census Tract 101.02, Payne County, Oklahoma",21695,3986
1400000US40119010200,40119010200,"Census Tract 102, Payne County, Oklahoma",33374,3717
1400000US40119010300,40119010300,"Census Tract 103, Payne County, Oklahoma",22524,7605
1400000US40119010400,40119010400,"Census Tract 104, Payne County, Oklahoma",25625,8187
1400000US40119010500,40119010500,"Census Tract 105, Payne County, Oklahoma",12962,2072
1400000US40119010600,40119010600,"Census Tract 106, Payne County, Oklahoma",29592,10287
1400000US40119010700,40119010700,"Census Tract 107, Payne County, Oklahoma",17560,3239
1400000US40119010800,40119010800,"Census Tract 108, Payne County, Oklahoma",23889,4021
1400000US40119010900,40119010900,"Census Tract 109, Payne County, Oklahoma",73487,18793
1400000US40119011000,40119011000,"Census Tract 110, Payne County, Oklahoma",70278,7602
1400000US40119011101,40119011101,"Census Tract 111.01, Payne County, Oklahoma",44375,8416
1400000US40119011102,40119011102,"Census Tract 111.02, Payne County, Oklahoma",48964,5200
1400000US40119011200,40119011200,"Census Tract 112, Payne County, Oklahoma",42266,3749
1400000US40119011301,40119011301,"Census Tract 113.01, Payne County, Oklahoma",44152,11193
1400000US40119011302,40119011302,"Census Tract 113.02, Payne County, Oklahoma",38526,7681
1400000US40119011400,40119011400,"Census Tract 114, Payne County, Oklahoma",40582,6947
1400000US40121485600,40121485600,"Census Tract 4856, Pittsburg County, Oklahoma",32365,4793
1400000US40121485700,40121485700,"Census Tract 4857, Pittsburg County, Oklahoma",35660,5580
1400000US40121485800,40121485800,"Census Tract 4858, Pittsburg County, Oklahoma",44408,5182
1400000US40121485900,40121485900,"Census Tract 4859, Pittsburg County, Oklahoma",55282,4570
1400000US40121486000,40121486000,"Census Tract 4860, Pittsburg County, Oklahoma",44286,10177
1400000US40121486100,40121486100,"Census Tract 4861, Pittsburg County, Oklahoma",35326,8589
1400000US40121486200,40121486200,"Census Tract 4862, Pittsburg County, Oklahoma",35774,3582
1400000US40121486300,40121486300,"Census Tract 4863, Pittsburg County, Oklahoma",103750,25228
1400000US40121486400,40121486400,"Census Tract 4864, Pittsburg County, Oklahoma",31297,6945
1400000US40121486500,40121486500,"Census Tract 4865, Pittsburg County, Oklahoma",47459,7888
1400000US40121486600,40121486600,"Census Tract 4866, Pittsburg County, Oklahoma",67835,5702
1400000US40121486700,40121486700,"Census Tract 4867, Pittsburg County, Oklahoma",40709,3186
1400000US40121486800,40121486800,"Census Tract 4868, Pittsburg County, Oklahoma",32763,4770
1400000US40123088600,40123088600,"Census Tract 886, Pontotoc County, Oklahoma",50262,3240
1400000US40123088700,40123088700,"Census Tract 887, Pontotoc County, Oklahoma",39671,3261
1400000US40123088800,40123088800,"Census Tract 888, Pontotoc County, Oklahoma",50566,7266
1400000US40123088900,40123088900,"Census Tract 889, Pontotoc County, Oklahoma",29087,4966
1400000US40123089000,40123089000,"Census Tract 890, Pontotoc County, Oklahoma",48393,6114
1400000US40123089100,40123089100,"Census Tract 891, Pontotoc County, Oklahoma",21644,3087
1400000US40123089200,40123089200,"Census Tract 892, Pontotoc County, Oklahoma",21278,2942
1400000US40123089300,40123089300,"Census Tract 893, Pontotoc County, Oklahoma",46311,4145
1400000US40123089598,40123089598,"Census Tract 895.98, Pontotoc County, Oklahoma",49536,4880
1400000US40123089600,40123089600,"Census Tract 896, Pontotoc County, Oklahoma",48226,7518
1400000US40125500200,40125500200,"Census Tract 5002, Pottawatomie County, Oklahoma",20226,2443
1400000US40125500301,40125500301,"Census Tract 5003.01, Pottawatomie County, Oklahoma",42642,8155
1400000US40125500302,40125500302,"Census Tract 5003.02, Pottawatomie County, Oklahoma",28029,2498
1400000US40125500400,40125500400,"Census Tract 5004, Pottawatomie County, Oklahoma",30303,3674
1400000US40125500500,40125500500,"Census Tract 5005, Pottawatomie County, Oklahoma",30196,3040
1400000US40125500600,40125500600,"Census Tract 5006, Pottawatomie County, Oklahoma",38711,1918
1400000US40125500700,40125500700,"Census Tract 5007, Pottawatomie County, Oklahoma",49200,3666
1400000US40125500800,40125500800,"Census Tract 5008, Pottawatomie County, Oklahoma",65208,6335
1400000US40125500900,40125500900,"Census Tract 5009, Pottawatomie County, Oklahoma",61660,5042
1400000US40125501001,40125501001,"Census Tract 5010.01, Pottawatomie County, Oklahoma",50000,3421
1400000US40125501003,40125501003,"Census Tract 5010.03, Pottawatomie County, Oklahoma",64853,9597
1400000US40125501004,40125501004,"Census Tract 5010.04, Pottawatomie County, Oklahoma",51289,6066
1400000US40125501101,40125501101,"Census Tract 5011.01, Pottawatomie County, Oklahoma",44606,6159
1400000US40125501102,40125501102,"Census Tract 5011.02, Pottawatomie County, Oklahoma",44119,3220
1400000US40125501201,40125501201,"Census Tract 5012.01, Pottawatomie County, Oklahoma",43510,4363
1400000US40125501300,40125501300,"Census Tract 5013, Pottawatomie County, Oklahoma",41833,6943
1400000US40127097600,40127097600,"Census Tract 976, Pushmataha County, Oklahoma",30319,2614
1400000US40127097700,40127097700,"Census Tract 977, Pushmataha County, Oklahoma",31736,4546
1400000US40127097800,40127097800,"Census Tract 978, Pushmataha County, Oklahoma",36667,5342
1400000US40129960000,40129960000,"Census Tract 9600, Roger Mills County, Oklahoma",53194,4923
1400000US40131050101,40131050101,"Census Tract 501.01, Rogers County, Oklahoma",38239,2768
1400000US40131050103,40131050103,"Census Tract 501.03, Rogers County, Oklahoma",45197,5979
1400000US40131050104,40131050104,"Census Tract 501.04, Rogers County, Oklahoma",23987,1788
1400000US40131050105,40131050105,"Census Tract 501.05, Rogers County, Oklahoma",63830,4896
1400000US40131050201,40131050201,"Census Tract 502.01, Rogers County, Oklahoma",50391,11514
1400000US40131050202,40131050202,"Census Tract 502.02, Rogers County, Oklahoma",35085,3971
1400000US40131050203,40131050203,"Census Tract 502.03, Rogers County, Oklahoma",49911,9670
1400000US40131050301,40131050301,"Census Tract 503.01, Rogers County, Oklahoma",54020,5037
1400000US40131050302,40131050302,"Census Tract 503.02, Rogers County, Oklahoma",44688,7383
1400000US40131050303,40131050303,"Census Tract 503.03, Rogers County, Oklahoma",56523,3151
1400000US40131050304,40131050304,"Census Tract 503.04, Rogers County, Oklahoma",73472,9948
1400000US40131050403,40131050403,"Census Tract 504.03, Rogers County, Oklahoma",72632,14779
1400000US40131050404,40131050404,"Census Tract 504.04, Rogers County, Oklahoma",75746,6704
1400000US40131050405,40131050405,"Census Tract 504.05, Rogers County, Oklahoma",108387,7557
1400000US40131050406,40131050406,"Census Tract 504.06, Rogers County, Oklahoma",97434,8462
1400000US40131050407,40131050407,"Census Tract 504.07, Rogers County, Oklahoma",57800,8372
1400000US40131050408,40131050408,"Census Tract 504.08, Rogers County, Oklahoma",46524,12688
1400000US40131050409,40131050409,"Census Tract 504.09, Rogers County, Oklahoma",54464,12281
1400000US40131050501,40131050501,"Census Tract 505.01, Rogers County, Oklahoma",66818,9868
1400000US40131050502,40131050502,"Census Tract 505.02, Rogers County, Oklahoma",45975,3556
1400000US40131050601,40131050601,"Census Tract 506.01, Rogers County, Oklahoma",68611,9563
1400000US40131050602,40131050602,"Census Tract 506.02, Rogers County, Oklahoma",73580,7877
1400000US40131050603,40131050603,"Census Tract 506.03, Rogers County, Oklahoma",71164,5913
1400000US40131050604,40131050604,"Census Tract 506.04, Rogers County, Oklahoma",65000,10793
1400000US40131050701,40131050701,"Census Tract 507.01, Rogers County, Oklahoma",31406,3669
1400000US40131050702,40131050702,"Census Tract 507.02, Rogers County, Oklahoma",56429,5126
1400000US40131050801,40131050801,"Census Tract 508.01, Rogers County, Oklahoma",59737,6436
1400000US40131050802,40131050802,"Census Tract 508.02, Rogers County, Oklahoma",63553,9387
1400000US40133583100,40133583100,"Census Tract 5831, Seminole County, Oklahoma",38370,4535
1400000US40133583200,40133583200,"Census Tract 5832, Seminole County, Oklahoma",44231,5711
1400000US40133583300,40133583300,"Census Tract 5833, Seminole County, Oklahoma",38264,5560
1400000US40133583400,40133583400,"Census Tract 5834, Seminole County, Oklahoma",37371,5606
1400000US40133583500,40133583500,"Census Tract 5835, Seminole County, Oklahoma",24853,4378
1400000US40133583600,40133583600,"Census Tract 5836, Seminole County, Oklahoma",25736,2084
1400000US40133583700,40133583700,"Census Tract 5837, Seminole County, Oklahoma",41083,4067
1400000US40133583800,40133583800,"Census Tract 5838, Seminole County, Oklahoma",40735,3415
1400000US40133583900,40133583900,"Census Tract 5839, Seminole County, Oklahoma",39000,4647
1400000US40135030101,40135030101,"Census Tract 301.01, Sequoyah County, Oklahoma",42076,3605
1400000US40135030103,40135030103,"Census Tract 301.03, Sequoyah County, Oklahoma",29833,6246
1400000US40135030104,40135030104,"Census Tract 301.04, Sequoyah County, Oklahoma",38484,2534
1400000US40135030201,40135030201,"Census Tract 302.01, Sequoyah County, Oklahoma",37250,7252
1400000US40135030202,40135030202,"Census Tract 302.02, Sequoyah County, Oklahoma",39355,4675
1400000US40135030301,40135030301,"Census Tract 303.01, Sequoyah County, Oklahoma",27826,7150
1400000US40135030302,40135030302,"Census Tract 303.02, Sequoyah County, Oklahoma",31875,4754
1400000US40135030401,40135030401,"Census Tract 304.01, Sequoyah County, Oklahoma",37041,5441
1400000US40135030402,40135030402,"Census Tract 304.02, Sequoyah County, Oklahoma",40655,4193
1400000US40137000101,40137000101,"Census Tract 1.01, Stephens County, Oklahoma",48536,5259
1400000US40137000102,40137000102,"Census Tract 1.02, Stephens County, Oklahoma",41731,7199
1400000US40137000200,40137000200,"Census Tract 2, Stephens County, Oklahoma",50107,6847
1400000US40137000300,40137000300,"Census Tract 3, Stephens County, Oklahoma",36942,3290
1400000US40137000400,40137000400,"Census Tract 4, Stephens County, Oklahoma",34277,2839
1400000US40137000600,40137000600,"Census Tract 6, Stephens County, Oklahoma",25679,4578
1400000US40137000800,40137000800,"Census Tract 8, Stephens County, Oklahoma",63865,5806
1400000US40137000901,40137000901,"Census Tract 9.01, Stephens County, Oklahoma",41663,3528
1400000US40137000902,40137000902,"Census Tract 9.02, Stephens County, Oklahoma",48021,7707
1400000US40137001000,40137001000,"Census Tract 10, Stephens County, Oklahoma",46875,5204
1400000US40137001100,40137001100,"Census Tract 11, Stephens County, Oklahoma",42409,5864
1400000US40139950600,40139950600,"Census Tract 9506, Texas County, Oklahoma",54773,5463
1400000US40139950700,40139950700,"Census Tract 9507, Texas County, Oklahoma",44674,10163
1400000US40139950800,40139950800,"Census Tract 9508, Texas County, Oklahoma",50655,6021
1400000US40139950900,40139950900,"Census Tract 9509, Texas County, Oklahoma",49423,10817
1400000US40139951000,40139951000,"Census Tract 9510, Texas County, Oklahoma",46518,7146
1400000US40141070100,40141070100,"Census Tract 701, Tillman County, Oklahoma",38182,7394
1400000US40141070200,40141070200,"Census Tract 702, Tillman County, Oklahoma",37391,12393
1400000US40141070300,40141070300,"Census Tract 703, Tillman County, Oklahoma",35714,11690
1400000US40141070400,40141070400,"Census Tract 704, Tillman County, Oklahoma",29605,7214
1400000US40141070500,40141070500,"Census Tract 705, Tillman County, Oklahoma",41424,3157
1400000US40143000100,40143000100,"Census Tract 1, Tulsa County, Oklahoma",31184,2952
1400000US40143000200,40143000200,"Census Tract 2, Tulsa County, Oklahoma",31250,7639
1400000US40143000300,40143000300,"Census Tract 3, Tulsa County, Oklahoma",27527,4299
1400000US40143000400,40143000400,"Census Tract 4, Tulsa County, Oklahoma",26978,3140
1400000US40143000500,40143000500,"Census Tract 5, Tulsa County, Oklahoma",22171,6959
1400000US40143000600,40143000600,"Census Tract 6, Tulsa County, Oklahoma",21563,4652
1400000US40143000700,40143000700,"Census Tract 7, Tulsa County, Oklahoma",25330,2594
1400000US40143000800,40143000800,"Census Tract 8, Tulsa County, Oklahoma",32266,4055
1400000US40143000900,40143000900,"Census Tract 9, Tulsa County, Oklahoma",32250,7559
1400000US40143001000,40143001000,"Census Tract 10, Tulsa County, Oklahoma",17404,2462
1400000US40143001200,40143001200,"Census Tract 12, Tulsa County, Oklahoma",24556,3922
1400000US40143001300,40143001300,"Census Tract 13, Tulsa County, Oklahoma",23529,5316
1400000US40143001400,40143001400,"Census Tract 14, Tulsa County, Oklahoma",30377,3473
1400000US40143001500,40143001500,"Census Tract 15, Tulsa County, Oklahoma",30726,5334
1400000US40143001600,40143001600,"Census Tract 16, Tulsa County, Oklahoma",31146,1721
1400000US40143001700,40143001700,"Census Tract 17, Tulsa County, Oklahoma",41964,9122
1400000US40143001800,40143001800,"Census Tract 18, Tulsa County, Oklahoma",36507,5052
1400000US40143001900,40143001900,"Census Tract 19, Tulsa County, Oklahoma",41406,5962
1400000US40143002000,40143002000,"Census Tract 20, Tulsa County, Oklahoma",34053,3966
1400000US40143002100,40143002100,"Census Tract 21, Tulsa County, Oklahoma",16909,5029
1400000US40143002301,40143002301,"Census Tract 23.01, Tulsa County, Oklahoma",25046,2654
1400000US40143002500,40143002500,"Census Tract 25, Tulsa County, Oklahoma",33438,8489
1400000US40143002700,40143002700,"Census Tract 27, Tulsa County, Oklahoma",33173,5460
1400000US40143002900,40143002900,"Census Tract 29, Tulsa County, Oklahoma",31464,3357
1400000US40143003000,40143003000,"Census Tract 30, Tulsa County, Oklahoma",28715,5436
1400000US40143003100,40143003100,"Census Tract 31, Tulsa County, Oklahoma",42246,4309
1400000US40143003200,40143003200,"Census Tract 32, Tulsa County, Oklahoma",53417,8526
1400000US40143003300,40143003300,"Census Tract 33, Tulsa County, Oklahoma",67167,7992
1400000US40143003400,40143003400,"Census Tract 34, Tulsa County, Oklahoma",29261,3825
1400000US40143003500,40143003500,"Census Tract 35, Tulsa County, Oklahoma",47153,7606
1400000US40143003600,40143003600,"Census Tract 36, Tulsa County, Oklahoma",61847,8084
1400000US40143003700,40143003700,"Census Tract 37, Tulsa County, Oklahoma",52412,2321
1400000US40143003800,40143003800,"Census Tract 38, Tulsa County, Oklahoma",43900,3113
1400000US40143003900,40143003900,"Census Tract 39, Tulsa County, Oklahoma",49515,7433
1400000US40143004000,40143004000,"Census Tract 40, Tulsa County, Oklahoma",44622,5666
1400000US40143004101,40143004101,"Census Tract 41.01, Tulsa County, Oklahoma",118990,13081
1400000US40143004200,40143004200,"Census Tract 42, Tulsa County, Oklahoma",85515,9696
1400000US40143004301,40143004301,"Census Tract 43.01, Tulsa County, Oklahoma",148875,20740
1400000US40143004302,40143004302,"Census Tract 43.02, Tulsa County, Oklahoma",102438,18344
1400000US40143004400,40143004400,"Census Tract 44, Tulsa County, Oklahoma",40947,4777
1400000US40143004500,40143004500,"Census Tract 45, Tulsa County, Oklahoma",137353,35109
1400000US40143004600,40143004600,"Census Tract 46, Tulsa County, Oklahoma",18893,5024
1400000US40143004700,40143004700,"Census Tract 47, Tulsa County, Oklahoma",34698,5143
1400000US40143004800,40143004800,"Census Tract 48, Tulsa County, Oklahoma",37145,3674
1400000US40143004900,40143004900,"Census Tract 49, Tulsa County, Oklahoma",40950,6863
1400000US40143005001,40143005001,"Census Tract 50.01, Tulsa County, Oklahoma",40735,6024
1400000US40143005002,40143005002,"Census Tract 50.02, Tulsa County, Oklahoma",42120,2640
1400000US40143005100,40143005100,"Census Tract 51, Tulsa County, Oklahoma",97740,24451
1400000US40143005200,40143005200,"Census Tract 52, Tulsa County, Oklahoma",52523,7404
1400000US40143005300,40143005300,"Census Tract 53, Tulsa County, Oklahoma",53774,7543
1400000US40143005401,40143005401,"Census Tract 54.01, Tulsa County, Oklahoma",78813,10225
1400000US40143005402,40143005402,"Census Tract 54.02, Tulsa County, Oklahoma",52231,5513
1400000US40143005500,40143005500,"Census Tract 55, Tulsa County, Oklahoma",43194,8139
1400000US40143005600,40143005600,"Census Tract 56, Tulsa County, Oklahoma",44526,11140
1400000US40143005700,40143005700,"Census Tract 57, Tulsa County, Oklahoma",31193,4850
1400000US40143005801,40143005801,"Census Tract 58.01, Tulsa County, Oklahoma",44548,4584
1400000US40143005805,40143005805,"Census Tract 58.05, Tulsa County, Oklahoma",60423,5999
1400000US40143005806,40143005806,"Census Tract 58.06, Tulsa County, Oklahoma",67050,7089
1400000US40143005807,40143005807,"Census Tract 58.07, Tulsa County, Oklahoma",73577,6129
1400000US40143005808,40143005808,"Census Tract 58.08, Tulsa County, Oklahoma",79018,14218
1400000US40143005900,40143005900,"Census Tract 59, Tulsa County, Oklahoma",33661,7014
1400000US40143006000,40143006000,"Census Tract 60, Tulsa County, Oklahoma",34919,3810
1400000US40143006200,40143006200,"Census Tract 62, Tulsa County, Oklahoma",16306,2961
1400000US40143006506,40143006506,"Census Tract 65.06, Tulsa County, Oklahoma",59545,7068
1400000US40143006507,40143006507,"Census Tract 65.07, Tulsa County, Oklahoma",53571,10745
1400000US40143006600,40143006600,"Census Tract 66, Tulsa County, Oklahoma",38792,6572
1400000US40143006701,40143006701,"Census Tract 67.01, Tulsa County, Oklahoma",31681,5019
1400000US40143006703,40143006703,"Census Tract 67.03, Tulsa County, Oklahoma",49856,4274
1400000US40143006705,40143006705,"Census Tract 67.05, Tulsa County, Oklahoma",59693,5951
1400000US40143006707,40143006707,"Census Tract 67.07, Tulsa County, Oklahoma",88207,4719
1400000US40143006708,40143006708,"Census Tract 67.08, Tulsa County, Oklahoma",104118,10237
1400000US40143006801,40143006801,"Census Tract 68.01, Tulsa County, Oklahoma",32328,11487
1400000US40143006803,40143006803,"Census Tract 68.03, Tulsa County, Oklahoma",32930,3536
1400000US40143006804,40143006804,"Census Tract 68.04, Tulsa County, Oklahoma",28364,3389
1400000US40143006901,40143006901,"Census Tract 69.01, Tulsa County, Oklahoma",59896,10301
1400000US40143006902,40143006902,"Census Tract 69.02, Tulsa County, Oklahoma",75972,11191
1400000US40143006903,40143006903,"Census Tract 69.03, Tulsa County, Oklahoma",54121,3210
1400000US40143006905,40143006905,"Census Tract 69.05, Tulsa County, Oklahoma",35083,4747
1400000US40143006906,40143006906,"Census Tract 69.06, Tulsa County, Oklahoma",42000,5416
1400000US40143006907,40143006907,"Census Tract 69.07, Tulsa County, Oklahoma",41370,3964
1400000US40143007000,40143007000,"Census Tract 70, Tulsa County, Oklahoma",35618,4812
1400000US40143007101,40143007101,"Census Tract 71.01, Tulsa County, Oklahoma",26970,4980
1400000US40143007102,40143007102,"Census Tract 71.02, Tulsa County, Oklahoma",28449,4528
1400000US40143007200,40143007200,"Census Tract 72, Tulsa County, Oklahoma",38696,3629
1400000US40143007304,40143007304,"Census Tract 73.04, Tulsa County, Oklahoma",38135,3538
1400000US40143007305,40143007305,"Census Tract 73.05, Tulsa County, Oklahoma",41441,5454
1400000US40143007306,40143007306,"Census Tract 73.06, Tulsa County, Oklahoma",39664,1938
1400000US40143007308,40143007308,"Census Tract 73.08, Tulsa County, Oklahoma",50727,5730
1400000US40143007309,40143007309,"Census Tract 73.09, Tulsa County, Oklahoma",46944,4051
1400000US40143007310,40143007310,"Census Tract 73.10, Tulsa County, Oklahoma",45667,6909
1400000US40143007311,40143007311,"Census Tract 73.11, Tulsa County, Oklahoma",38726,4358
1400000US40143007312,40143007312,"Census Tract 73.12, Tulsa County, Oklahoma",42078,4076
1400000US40143007402,40143007402,"Census Tract 74.02, Tulsa County, Oklahoma",39646,3550
1400000US40143007407,40143007407,"Census Tract 74.07, Tulsa County, Oklahoma",81442,10361
1400000US40143007408,40143007408,"Census Tract 74.08, Tulsa County, Oklahoma",45331,3067
1400000US40143007409,40143007409,"Census Tract 74.09, Tulsa County, Oklahoma",64261,14469
1400000US40143007410,40143007410,"Census Tract 74.10, Tulsa County, Oklahoma",43716,6360
1400000US40143007411,40143007411,"Census Tract 74.11, Tulsa County, Oklahoma",46336,7453
1400000US40143007412,40143007412,"Census Tract 74.12, Tulsa County, Oklahoma",98883,8028
1400000US40143007413,40143007413,"Census Tract 74.13, Tulsa County, Oklahoma",66383,7256
1400000US40143007414,40143007414,"Census Tract 74.14, Tulsa County, Oklahoma",53125,5274
1400000US40143007415,40143007415,"Census Tract 74.15, Tulsa County, Oklahoma",59081,5273
1400000US40143007503,40143007503,"Census Tract 75.03, Tulsa County, Oklahoma",40817,3299
1400000US40143007506,40143007506,"Census Tract 75.06, Tulsa County, Oklahoma",57364,5666
1400000US40143007507,40143007507,"Census Tract 75.07, Tulsa County, Oklahoma",56806,3788
1400000US40143007508,40143007508,"Census Tract 75.08, Tulsa County, Oklahoma",93736,5453
1400000US40143007510,40143007510,"Census Tract 75.10, Tulsa County, Oklahoma",50250,9219
1400000US40143007511,40143007511,"Census Tract 75.11, Tulsa County, Oklahoma",61505,4234
1400000US40143007512,40143007512,"Census Tract 75.12, Tulsa County, Oklahoma",66471,7859
1400000US40143007513,40143007513,"Census Tract 75.13, Tulsa County, Oklahoma",76823,7949
1400000US40143007515,40143007515,"Census Tract 75.15, Tulsa County, Oklahoma",83361,6617
1400000US40143007516,40143007516,"Census Tract 75.16, Tulsa County, Oklahoma",73636,5829
1400000US40143007518,40143007518,"Census Tract 75.18, Tulsa County, Oklahoma",99141,13097
1400000US40143007519,40143007519,"Census Tract 75.19, Tulsa County, Oklahoma",74955,4846
1400000US40143007520,40143007520,"Census Tract 75.20, Tulsa County, Oklahoma",85797,4123
1400000US40143007522,40143007522,"Census Tract 75.22, Tulsa County, Oklahoma",55000,7509
1400000US40143007523,40143007523,"Census Tract 75.23, Tulsa County, Oklahoma",66607,6892
1400000US40143007524,40143007524,"Census Tract 75.24, Tulsa County, Oklahoma",66047,6285
1400000US40143007608,40143007608,"Census Tract 76.08, Tulsa County, Oklahoma",25148,4084
1400000US40143007609,40143007609,"Census Tract 76.09, Tulsa County, Oklahoma",27679,4058
1400000US40143007611,40143007611,"Census Tract 76.11, Tulsa County, Oklahoma",87679,20335
1400000US40143007612,40143007612,"Census Tract 76.12, Tulsa County, Oklahoma",89479,12859
1400000US40143007613,40143007613,"Census Tract 76.13, Tulsa County, Oklahoma",63441,5736
1400000US40143007614,40143007614,"Census Tract 76.14, Tulsa County, Oklahoma",60781,17960
1400000US40143007615,40143007615,"Census Tract 76.15, Tulsa County, Oklahoma",52778,8888
1400000US40143007616,40143007616,"Census Tract 76.16, Tulsa County, Oklahoma",55857,7081
1400000US40143007617,40143007617,"Census Tract 76.17, Tulsa County, Oklahoma",33936,3032
1400000US40143007618,40143007618,"Census Tract 76.18, Tulsa County, Oklahoma",57375,6046
1400000US40143007619,40143007619,"Census Tract 76.19, Tulsa County, Oklahoma",57731,5509
1400000US40143007620,40143007620,"Census Tract 76.20, Tulsa County, Oklahoma",40380,5469
1400000US40143007624,40143007624,"Census Tract 76.24, Tulsa County, Oklahoma",59844,7142
1400000US40143007625,40143007625,"Census Tract 76.25, Tulsa County, Oklahoma",39493,3791
1400000US40143007629,40143007629,"Census Tract 76.29, Tulsa County, Oklahoma",56707,9100
1400000US40143007630,40143007630,"Census Tract 76.30, Tulsa County, Oklahoma",61875,8842
1400000US40143007631,40143007631,"Census Tract 76.31, Tulsa County, Oklahoma",80839,8459
1400000US40143007632,40143007632,"Census Tract 76.32, Tulsa County, Oklahoma",73191,15526
1400000US40143007633,40143007633,"Census Tract 76.33, Tulsa County, Oklahoma",97448,7419
1400000US40143007634,40143007634,"Census Tract 76.34, Tulsa County, Oklahoma",61212,10390
1400000US40143007635,40143007635,"Census Tract 76.35, Tulsa County, Oklahoma",99896,12696
1400000US40143007636,40143007636,"Census Tract 76.36, Tulsa County, Oklahoma",73750,11466
1400000US40143007637,40143007637,"Census Tract 76.37, Tulsa County, Oklahoma",152330,17076
1400000US40143007638,40143007638,"Census Tract 76.38, Tulsa County, Oklahoma",141818,14476
1400000US40143007639,40143007639,"Census Tract 76.39, Tulsa County, Oklahoma",75026,7288
1400000US40143007641,40143007641,"Census Tract 76.41, Tulsa County, Oklahoma",25853,3093
1400000US40143007642,40143007642,"Census Tract 76.42, Tulsa County, Oklahoma",36350,5173
1400000US40143007701,40143007701,"Census Tract 77.01, Tulsa County, Oklahoma",60947,3318
1400000US40143007702,40143007702,"Census Tract 77.02, Tulsa County, Oklahoma",61961,8508
1400000US40143007801,40143007801,"Census Tract 78.01, Tulsa County, Oklahoma",51569,5569
1400000US40143007802,40143007802,"Census Tract 78.02, Tulsa County, Oklahoma",66726,5033
1400000US40143007900,40143007900,"Census Tract 79, Tulsa County, Oklahoma",22899,4817
1400000US40143008001,40143008001,"Census Tract 80.01, Tulsa County, Oklahoma",13492,1989
1400000US40143008002,40143008002,"Census Tract 80.02, Tulsa County, Oklahoma",27643,2814
1400000US40143008200,40143008200,"Census Tract 82, Tulsa County, Oklahoma",36864,2766
1400000US40143008300,40143008300,"Census Tract 83, Tulsa County, Oklahoma",28026,6717
1400000US40143008400,40143008400,"Census Tract 84, Tulsa County, Oklahoma",44491,4370
1400000US40143008501,40143008501,"Census Tract 85.01, Tulsa County, Oklahoma",38042,6062
1400000US40143008502,40143008502,"Census Tract 85.02, Tulsa County, Oklahoma",49023,7385
1400000US40143008600,40143008600,"Census Tract 86, Tulsa County, Oklahoma",34538,4174
1400000US40143008700,40143008700,"Census Tract 87, Tulsa County, Oklahoma",52469,5328
1400000US40143008800,40143008800,"Census Tract 88, Tulsa County, Oklahoma",21969,3679
1400000US40143008900,40143008900,"Census Tract 89, Tulsa County, Oklahoma",38835,6878
1400000US40143009003,40143009003,"Census Tract 90.03, Tulsa County, Oklahoma",58117,5859
1400000US40143009004,40143009004,"Census Tract 90.04, Tulsa County, Oklahoma",32672,4777
1400000US40143009006,40143009006,"Census Tract 90.06, Tulsa County, Oklahoma",46300,2957
1400000US40143009007,40143009007,"Census Tract 90.07, Tulsa County, Oklahoma",47581,6156
1400000US40143009008,40143009008,"Census Tract 90.08, Tulsa County, Oklahoma",24357,3183
1400000US40143009009,40143009009,"Census Tract 90.09, Tulsa County, Oklahoma",89118,8460
1400000US40143009101,40143009101,"Census Tract 91.01, Tulsa County, Oklahoma",24583,4437
1400000US40143009104,40143009104,"Census Tract 91.04, Tulsa County, Oklahoma",35703,4016
1400000US40143009200,40143009200,"Census Tract 92, Tulsa County, Oklahoma",48804,9302
1400000US40143009300,40143009300,"Census Tract 93, Tulsa County, Oklahoma",33833,3080
1400000US40143009401,40143009401,"Census Tract 94.01, Tulsa County, Oklahoma",57348,4623
1400000US40143009402,40143009402,"Census Tract 94.02, Tulsa County, Oklahoma",60656,5858
1400000US40143009500,40143009500,"Census Tract 95, Tulsa County, Oklahoma",53648,7045
1400000US40143011100,40143011100,"Census Tract 111, Tulsa County, Oklahoma",39911,18942
1400000US40145030101,40145030101,"Census Tract 301.01, Wagoner County, Oklahoma",33529,3845
1400000US40145030102,40145030102,"Census Tract 301.02, Wagoner County, Oklahoma",38843,7887
1400000US40145030201,40145030201,"Census Tract 302.01, Wagoner County, Oklahoma",40108,4890
1400000US40145030202,40145030202,"Census Tract 302.02, Wagoner County, Oklahoma",41391,2886
1400000US40145030300,40145030300,"Census Tract 303, Wagoner County, Oklahoma",39659,7419
1400000US40145030402,40145030402,"Census Tract 304.02, Wagoner County, Oklahoma",60863,9136
1400000US40145030403,40145030403,"Census Tract 304.03, Wagoner County, Oklahoma",49960,6949
1400000US40145030405,40145030405,"Census Tract 304.05, Wagoner County, Oklahoma",76481,6098
1400000US40145030406,40145030406,"Census Tract 304.06, Wagoner County, Oklahoma",71349,7382
1400000US40145030502,40145030502,"Census Tract 305.02, Wagoner County, Oklahoma",56563,10297
1400000US40145030505,40145030505,"Census Tract 305.05, Wagoner County, Oklahoma",63594,8487
1400000US40145030506,40145030506,"Census Tract 305.06, Wagoner County, Oklahoma",54519,7380
1400000US40145030507,40145030507,"Census Tract 305.07, Wagoner County, Oklahoma",40121,3092
1400000US40145030508,40145030508,"Census Tract 305.08, Wagoner County, Oklahoma",91029,6177
1400000US40145030509,40145030509,"Census Tract 305.09, Wagoner County, Oklahoma",85347,8787
1400000US40145030510,40145030510,"Census Tract 305.10, Wagoner County, Oklahoma",66797,4560
1400000US40145030511,40145030511,"Census Tract 305.11, Wagoner County, Oklahoma",88295,10445
1400000US40145030512,40145030512,"Census Tract 305.12, Wagoner County, Oklahoma",72266,12313
1400000US40145030601,40145030601,"Census Tract 306.01, Wagoner County, Oklahoma",65570,3834
1400000US40145030602,40145030602,"Census Tract 306.02, Wagoner County, Oklahoma",46473,3536
1400000US40145030798,40145030798,"Census Tract 307.98, Wagoner County, Oklahoma",40040,8107
1400000US40145030800,40145030800,"Census Tract 308, Wagoner County, Oklahoma",61676,9278
1400000US40147000100,40147000100,"Census Tract 1, Washington County, Oklahoma",32335,3061
1400000US40147000200,40147000200,"Census Tract 2, Washington County, Oklahoma",22660,2680
1400000US40147000300,40147000300,"Census Tract 3, Washington County, Oklahoma",30655,6909
1400000US40147000400,40147000400,"Census Tract 4, Washington County, Oklahoma",46026,4658
1400000US40147000500,40147000500,"Census Tract 5, Washington County, Oklahoma",51540,5770
1400000US40147000600,40147000600,"Census Tract 6, Washington County, Oklahoma",61214,10133
1400000US40147000700,40147000700,"Census Tract 7, Washington County, Oklahoma",71157,14840
1400000US40147000800,40147000800,"Census Tract 8, Washington County, Oklahoma",49702,10387
1400000US40147000900,40147000900,"Census Tract 9, Washington County, Oklahoma",26977,4608
1400000US40147001000,40147001000,"Census Tract 10, Washington County, Oklahoma",49600,5869
1400000US40147001100,40147001100,"Census Tract 11, Washington County, Oklahoma",37642,6560
1400000US40147001200,40147001200,"Census Tract 12, Washington County, Oklahoma",78750,16761
1400000US40147001300,40147001300,"Census Tract 13, Washington County, Oklahoma",50811,3614
1400000US40149964900,40149964900,"Census Tract 9649, Washita County, Oklahoma",47653,3803
1400000US40149965000,40149965000,"Census Tract 9650, Washita County, Oklahoma",44236,6758
1400000US40149965100,40149965100,"Census Tract 9651, Washita County, Oklahoma",46813,9025
1400000US40149965400,40149965400,"Census Tract 9654, Washita County, Oklahoma",49632,9275
1400000US40151954200,40151954200,"Census Tract 9542, Woods County, Oklahoma",55592,6947
1400000US40151954300,40151954300,"Census Tract 9543, Woods County, Oklahoma",38359,11829
1400000US40151954400,40151954400,"Census Tract 9544, Woods County, Oklahoma",58304,10090
1400000US40153953100,40153953100,"Census Tract 9531, Woodward County, Oklahoma",51912,9341
1400000US40153953200,40153953200,"Census Tract 9532, Woodward County, Oklahoma",55099,12686
1400000US40153953300,40153953300,"Census Tract 9533, Woodward County, Oklahoma",42328,14101
1400000US40153953400,40153953400,"Census Tract 9534, Woodward County, Oklahoma",45706,6197
1400000US40153953500,40153953500,"Census Tract 9535, Woodward County, Oklahoma",65250,12521
